-- phpMyAdmin SQL Dump
-- version 4.5.1
-- http://www.phpmyadmin.net
--
-- Host: 127.0.0.1
-- Generation Time: Aug 09, 2017 at 09:12 AM
-- Server version: 10.1.9-MariaDB-log
-- PHP Version: 5.6.15

SET SQL_MODE = "NO_AUTO_VALUE_ON_ZERO";
SET time_zone = "+00:00";


/*!40101 SET @OLD_CHARACTER_SET_CLIENT=@@CHARACTER_SET_CLIENT */;
/*!40101 SET @OLD_CHARACTER_SET_RESULTS=@@CHARACTER_SET_RESULTS */;
/*!40101 SET @OLD_COLLATION_CONNECTION=@@COLLATION_CONNECTION */;
/*!40101 SET NAMES utf8mb4 */;

--
-- Database: `pos`
--

-- --------------------------------------------------------

--
-- Table structure for table `ci_sessions`
--

CREATE TABLE `ci_sessions` (
  `session_id` varchar(40) NOT NULL DEFAULT '0',
  `ip_address` varchar(16) NOT NULL DEFAULT '0',
  `user_agent` varchar(120) NOT NULL,
  `last_activity` int(10) UNSIGNED NOT NULL DEFAULT '0',
  `user_data` text NOT NULL
) ENGINE=MyISAM DEFAULT CHARSET=utf8;

--
-- Dumping data for table `ci_sessions`
--

INSERT INTO `ci_sessions` (`session_id`, `ip_address`, `user_agent`, `last_activity`, `user_data`) VALUES
('8d10995da42d877e372e56a88e3879cb', '::1', 'Mozilla/5.0 (Windows NT 10.0; WOW64) AppleWebKit/537.36 (KHTML, like Gecko) Chrome/51.0.2704.103 Safari/537.36', 1466484204, 'a:5:{s:9:"user_data";s:0:"";s:7:"id_user";s:1:"1";s:11:"id_employee";s:1:"1";s:9:"user_name";s:5:"admin";s:10:"id_profile";s:1:"1";}'),
('ee9d457031daf09a8230c39684a572e9', '::1', 'Mozilla/5.0 (Windows NT 10.0; WOW64) AppleWebKit/537.36 (KHTML, like Gecko) Chrome/51.0.2704.103 Safari/537.36', 1466669648, 'a:1:{s:9:"user_data";s:0:"";}');

-- --------------------------------------------------------

--
-- Table structure for table `tbl_access`
--

CREATE TABLE `tbl_access` (
  `id_access` int(11) NOT NULL,
  `id_menu` int(11) NOT NULL,
  `id_profile` int(11) NOT NULL,
  `view` tinyint(1) NOT NULL DEFAULT '0',
  `add` tinyint(1) NOT NULL DEFAULT '0',
  `edit` tinyint(1) NOT NULL DEFAULT '0',
  `delete` tinyint(1) NOT NULL DEFAULT '0',
  `print` tinyint(1) NOT NULL DEFAULT '0'
) ENGINE=MyISAM DEFAULT CHARSET=utf8 COLLATE=utf8_unicode_ci;

--
-- Dumping data for table `tbl_access`
--

INSERT INTO `tbl_access` (`id_access`, `id_menu`, `id_profile`, `view`, `add`, `edit`, `delete`, `print`) VALUES
(1, 1, 1, 1, 1, 1, 1, 1),
(2, 2, 1, 1, 1, 1, 1, 1),
(3, 3, 1, 1, 1, 1, 1, 1),
(4, 4, 1, 1, 1, 1, 1, 1),
(5, 5, 1, 1, 1, 1, 1, 1),
(6, 6, 1, 1, 1, 1, 1, 1),
(7, 7, 1, 1, 1, 1, 1, 1),
(8, 8, 1, 1, 1, 1, 1, 1),
(9, 9, 1, 1, 1, 1, 1, 1),
(10, 10, 2, 1, 1, 1, 1, 1),
(11, 1, 2, 1, 1, 1, 1, 1),
(12, 2, 2, 1, 1, 1, 1, 1),
(13, 3, 2, 1, 1, 1, 1, 1),
(14, 4, 2, 1, 1, 1, 1, 1),
(15, 5, 2, 1, 1, 1, 1, 1),
(16, 6, 2, 1, 1, 1, 1, 1),
(17, 7, 2, 1, 1, 1, 1, 1),
(18, 8, 2, 1, 1, 1, 1, 1),
(19, 9, 2, 1, 1, 1, 1, 1),
(20, 10, 2, 1, 1, 1, 1, 1),
(21, 1, 3, 1, 1, 1, 1, 1),
(22, 2, 3, 0, 0, 0, 0, 0),
(23, 3, 3, 0, 0, 0, 0, 0),
(24, 4, 3, 0, 0, 0, 0, 0),
(25, 5, 3, 0, 0, 0, 0, 0),
(26, 6, 3, 0, 0, 0, 0, 0),
(27, 7, 3, 0, 0, 0, 0, 0),
(28, 8, 3, 0, 0, 0, 0, 0),
(29, 9, 3, 0, 0, 0, 0, 0),
(30, 10, 3, 0, 0, 0, 0, 0);

-- --------------------------------------------------------

--
-- Table structure for table `tbl_brand`
--

CREATE TABLE `tbl_brand` (
  `id_brand` int(11) NOT NULL,
  `code` varchar(32) NOT NULL,
  `name` varchar(32) NOT NULL,
  `is_default` tinyint(1) NOT NULL DEFAULT '0'
) ENGINE=InnoDB DEFAULT CHARSET=utf8;

--
-- Dumping data for table `tbl_brand`
--

INSERT INTO `tbl_brand` (`id_brand`, `code`, `name`, `is_default`) VALUES
(1, '001', 'INVENT', 0),
(2, '002', 'CLUB', 0),
(3, '003', 'KOOL', 0),
(4, '004', 'TOY', 0);

-- --------------------------------------------------------

--
-- Table structure for table `tbl_config`
--

CREATE TABLE `tbl_config` (
  `id_config` int(11) NOT NULL,
  `config_name` varchar(100) NOT NULL,
  `value` varchar(255) NOT NULL,
  `id_employee` int(11) NOT NULL,
  `date_upd` timestamp NOT NULL DEFAULT CURRENT_TIMESTAMP ON UPDATE CURRENT_TIMESTAMP
) ENGINE=MyISAM DEFAULT CHARSET=utf8;

--
-- Dumping data for table `tbl_config`
--

INSERT INTO `tbl_config` (`id_config`, `config_name`, `value`, `id_employee`, `date_upd`) VALUES
(1, 'ALLOW_UNDER_ZERO', '0', 1, '2015-04-08 08:54:16'),
(2, 'MULTI_LANG', '1', 1, '2015-04-21 02:24:07'),
(3, 'PER_PAGE', '50', 0, '2016-02-04 08:16:58'),
(4, 'PREFIX_ORDER', 'IV', 1, '2016-02-10 04:12:27'),
(5, 'COM_CODE', 'AA', 1, '2016-02-10 04:12:27'),
(6, 'PAPER_SIZE', '80', 1, '2016-06-18 09:30:12'),
(7, 'PRINT_COPY', '2', 1, '2016-02-11 03:39:32'),
(8, 'PREFIX_PROMOTION', 'PR', 1, '2016-06-16 10:53:56'),
(9, 'COMPANY_NAME', 'บริษัท วาริกซ์ สปอร์ต จำกัด', 1, '2016-06-23 10:13:17');

-- --------------------------------------------------------

--
-- Table structure for table `tbl_coupon`
--

CREATE TABLE `tbl_coupon` (
  `code` varchar(32) NOT NULL,
  `amount` decimal(10,2) NOT NULL DEFAULT '0.00',
  `unit` enum('amount','percent') NOT NULL DEFAULT 'amount',
  `start_date` date NOT NULL,
  `end_date` date NOT NULL,
  `used` tinyint(1) NOT NULL DEFAULT '0'
) ENGINE=InnoDB DEFAULT CHARSET=utf8;

-- --------------------------------------------------------

--
-- Table structure for table `tbl_edit_order_log`
--

CREATE TABLE `tbl_edit_order_log` (
  `id` int(11) NOT NULL,
  `emp_name` varchar(100) NOT NULL COMMENT 'employee who edit order',
  `type` tinyint(1) NOT NULL DEFAULT '0' COMMENT '0 = delete, 1 = add',
  `id_order` int(11) NOT NULL,
  `reference` varchar(32) NOT NULL,
  `barcode` varchar(32) NOT NULL,
  `item_code` varchar(32) NOT NULL,
  `item_name` varchar(150) NOT NULL,
  `style` varchar(32) NOT NULL,
  `qty` int(11) NOT NULL DEFAULT '0',
  `cost` decimal(17,2) NOT NULL DEFAULT '0.00',
  `price` decimal(17,2) NOT NULL DEFAULT '0.00',
  `discount_percent` decimal(5,2) NOT NULL DEFAULT '0.00',
  `discount_amount` decimal(17,2) NOT NULL DEFAULT '0.00',
  `total_discount` decimal(17,2) NOT NULL DEFAULT '0.00',
  `final_price` decimal(17,2) NOT NULL DEFAULT '0.00',
  `total_amount` decimal(17,2) NOT NULL DEFAULT '0.00',
  `date_upd` timestamp NOT NULL DEFAULT CURRENT_TIMESTAMP ON UPDATE CURRENT_TIMESTAMP,
  `valid` tinyint(1) NOT NULL DEFAULT '0',
  `id_promotion` int(11) NOT NULL DEFAULT '0'
) ENGINE=InnoDB DEFAULT CHARSET=utf8;

-- --------------------------------------------------------

--
-- Table structure for table `tbl_employee`
--

CREATE TABLE `tbl_employee` (
  `id_employee` int(11) NOT NULL,
  `code` varchar(32) NOT NULL,
  `first_name` varchar(100) NOT NULL,
  `last_name` varchar(100) NOT NULL,
  `address` text NOT NULL,
  `province` varchar(255) NOT NULL,
  `post_code` varchar(12) NOT NULL,
  `phone` varchar(32) NOT NULL,
  `email` varchar(128) NOT NULL,
  `birthday` date DEFAULT NULL,
  `start_date` date DEFAULT NULL,
  `date_add` datetime NOT NULL,
  `date_upd` timestamp NOT NULL DEFAULT CURRENT_TIMESTAMP ON UPDATE CURRENT_TIMESTAMP,
  `active` tinyint(1) NOT NULL DEFAULT '1',
  `id_shop` int(11) NOT NULL DEFAULT '0'
) ENGINE=MyISAM DEFAULT CHARSET=utf8;

--
-- Dumping data for table `tbl_employee`
--

INSERT INTO `tbl_employee` (`id_employee`, `code`, `first_name`, `last_name`, `address`, `province`, `post_code`, `phone`, `email`, `birthday`, `start_date`, `date_add`, `date_upd`, `active`, `id_shop`) VALUES
(1, '001', 'สุทัศ', 'สังข์สวัสดิ์', '75/65 หมู่ 2 ต.ไร่ขิง อ.สามพราน', 'นครปฐม', '73210', '089 174 7597', 'admin@koolsport.co.th', '1983-04-18', '2015-07-01', '2015-03-19 12:29:29', '2016-06-30 08:54:19', 1, 1),
(5, '004', 'ปอ', 'BCC', '', 'กรุงเทพมหานคร', '', '0811112345', '', '0000-00-00', '0000-00-00', '0000-00-00 00:00:00', '2016-07-04 03:07:10', 1, 1),
(6, '005', 'someone', 'handsome', 'xxxxxx', 'ขอนแก่น', '85999', '1234567', '', '0000-00-00', '0000-00-00', '0000-00-00 00:00:00', '2016-07-09 03:49:52', 1, 2);

-- --------------------------------------------------------

--
-- Table structure for table `tbl_items`
--

CREATE TABLE `tbl_items` (
  `id_item` int(11) NOT NULL,
  `barcode` varchar(32) COLLATE utf8_unicode_ci NOT NULL,
  `item_code` varchar(32) COLLATE utf8_unicode_ci NOT NULL,
  `item_name` varchar(150) CHARACTER SET tis620 NOT NULL,
  `style` varchar(32) COLLATE utf8_unicode_ci NOT NULL,
  `category` varchar(50) CHARACTER SET utf8 NOT NULL DEFAULT 'products',
  `cost` decimal(17,2) NOT NULL DEFAULT '0.00',
  `price` decimal(17,2) NOT NULL DEFAULT '0.00',
  `active` tinyint(1) NOT NULL DEFAULT '1',
  `date_upd` timestamp NOT NULL DEFAULT CURRENT_TIMESTAMP ON UPDATE CURRENT_TIMESTAMP,
  `id_brand` int(5) NOT NULL DEFAULT '1'
) ENGINE=InnoDB DEFAULT CHARSET=utf8 COLLATE=utf8_unicode_ci;

--
-- Dumping data for table `tbl_items`
--

INSERT INTO `tbl_items` (`id_item`, `barcode`, `item_code`, `item_name`, `style`, `category`, `cost`, `price`, `active`, `date_upd`, `id_brand`) VALUES
(1, '8850000000322', 'WS-1501-DW', '19Wสนับแข้ง', 'WS-1501', 'อุปกรณ์', '43.30', '99.00', 1, '2016-07-09 03:32:19', 1),
(2, '8850000000323', 'WS-1501-GW', '19Wสนับแข้ง', 'WS-1501', 'อุปกรณ์', '43.30', '99.00', 1, '2016-07-09 03:32:19', 1),
(3, '8850000000324', 'WS-1501-RW', '19Wสนับแข้ง', 'WS-1501', 'อุปกรณ์', '43.30', '99.00', 1, '2016-07-09 03:32:19', 1),
(4, '8850000000163', 'WC-1501-BW', '19Wถุงเท้าฟุตบอลอะคริลิค', 'WC-1501', 'สนับแข้ง-ถุงเท้า-รองเท้า', '38.80', '99.00', 1, '2016-07-09 03:32:19', 1),
(5, '8850000000164', 'WC-1501-DW', '19Wถุงเท้าฟุตบอลอะคริลิค', 'WC-1501', 'สนับแข้ง-ถุงเท้า-รองเท้า', '38.80', '99.00', 1, '2016-07-09 03:32:19', 1),
(6, '8850000000166', 'WC-1501-RW', '19Wถุงเท้าฟุตบอลอะคริลิค', 'WC-1501', 'สนับแข้ง-ถุงเท้า-รองเท้า', '38.80', '99.00', 1, '2016-07-09 03:32:19', 1),
(7, '8850000000167', 'WC-1501-WB', '19Wถุงเท้าฟุตบอลอะคริลิค', 'WC-1501', 'สนับแข้ง-ถุงเท้า-รองเท้า', '38.80', '99.00', 1, '2016-07-09 03:32:19', 1),
(8, '8850000000168', 'WC-1501-YB', '19Wถุงเท้าฟุตบอลอะคริลิค', 'WC-1501', 'สนับแข้ง-ถุงเท้า-รองเท้า', '38.80', '99.00', 1, '2016-07-09 03:32:19', 1),
(9, '8850000000165', 'WC-1501-GB', '19Wถุงเท้าฟุตบอลอะคริลิค', 'WC-1501', 'สนับแข้ง-ถุงเท้า-รองเท้า', '38.80', '99.00', 1, '2016-07-09 03:32:19', 1),
(10, '8850000000178', 'WP-1501-BW-M', '19Wกางเกงฟุตบอลตัดต่อ', 'WP-1501', 'กางเกง', '86.00', '189.00', 1, '2016-07-09 03:32:19', 1),
(11, '8850000000176', 'WP-1501-BW-L', '19Wกางเกงฟุตบอลตัดต่อ', 'WP-1501', 'กางเกง', '86.00', '189.00', 1, '2016-07-09 03:32:19', 1),
(12, '8850000000177', 'WP-1501-BW-XL', '19Wกางเกงฟุตบอลตัดต่อ', 'WP-1501', 'กางเกง', '86.00', '189.00', 1, '2016-07-09 03:32:19', 1),
(13, '8850000000175', 'WP-1501-BW-2L', '19Wกางเกงฟุตบอลตัดต่อ', 'WP-1501', 'กางเกง', '86.00', '189.00', 1, '2016-07-09 03:32:19', 1),
(14, '8850000000181', 'WP-1501-DW-M', '19Wกางเกงฟุตบอลตัดต่อ', 'WP-1501', 'กางเกง', '86.00', '189.00', 1, '2016-07-09 03:32:19', 1),
(15, '8850000000180', 'WP-1501-DW-L', '19Wกางเกงฟุตบอลตัดต่อ', 'WP-1501', 'กางเกง', '86.00', '189.00', 1, '2016-07-09 03:32:19', 1),
(16, '8850000000182', 'WP-1501-DW-XL', '19Wกางเกงฟุตบอลตัดต่อ', 'WP-1501', 'กางเกง', '86.00', '189.00', 1, '2016-07-09 03:32:19', 1),
(17, '8850000000179', 'WP-1501-DW-2L', '19Wกางเกงฟุตบอลตัดต่อ', 'WP-1501', 'กางเกง', '86.00', '189.00', 1, '2016-07-09 03:32:19', 1),
(18, '8850000000185', 'WP-1501-EW-M', '19Wกางเกงฟุตบอลตัดต่อ', 'WP-1501', 'กางเกง', '86.00', '189.00', 1, '2016-07-09 03:32:19', 1),
(19, '8850000000184', 'WP-1501-EW-L', '19Wกางเกงฟุตบอลตัดต่อ', 'WP-1501', 'กางเกง', '86.00', '189.00', 1, '2016-07-09 03:32:19', 1),
(20, '8850000000186', 'WP-1501-EW-XL', '19Wกางเกงฟุตบอลตัดต่อ', 'WP-1501', 'กางเกง', '86.00', '189.00', 1, '2016-07-09 03:32:19', 1),
(21, '8850000000183', 'WP-1501-EW-2L', '19Wกางเกงฟุตบอลตัดต่อ', 'WP-1501', 'กางเกง', '86.00', '189.00', 1, '2016-07-09 03:32:19', 1),
(22, '8850000000189', 'WP-1501-RW-M', '19Wกางเกงฟุตบอลตัดต่อ', 'WP-1501', 'กางเกง', '86.00', '189.00', 1, '2016-07-09 03:32:19', 1),
(23, '8850000000188', 'WP-1501-RW-L', '19Wกางเกงฟุตบอลตัดต่อ', 'WP-1501', 'กางเกง', '86.00', '189.00', 1, '2016-07-09 03:32:19', 1),
(24, '8850000000190', 'WP-1501-RW-XL', '19Wกางเกงฟุตบอลตัดต่อ', 'WP-1501', 'กางเกง', '86.00', '189.00', 1, '2016-07-09 03:32:19', 1),
(25, '8850000000187', 'WP-1501-RW-2L', '19Wกางเกงฟุตบอลตัดต่อ', 'WP-1501', 'กางเกง', '86.00', '189.00', 1, '2016-07-09 03:32:19', 1),
(26, '8850000000193', 'WP-1501-UW-M', '19Wกางเกงฟุตบอลตัดต่อ', 'WP-1501', 'กางเกง', '86.00', '189.00', 1, '2016-07-09 03:32:19', 1),
(27, '8850000000192', 'WP-1501-UW-L', '19Wกางเกงฟุตบอลตัดต่อ', 'WP-1501', 'กางเกง', '86.00', '189.00', 1, '2016-07-09 03:32:19', 1),
(28, '8850000000194', 'WP-1501-UW-XL', '19Wกางเกงฟุตบอลตัดต่อ', 'WP-1501', 'กางเกง', '86.00', '189.00', 1, '2016-07-09 03:32:19', 1),
(29, '8850000000191', 'WP-1501-UW-2L', '19Wกางเกงฟุตบอลตัดต่อ', 'WP-1501', 'กางเกง', '86.00', '189.00', 1, '2016-07-09 03:32:19', 1),
(30, '8850000000197', 'WP-1501-WD-M', '19Wกางเกงฟุตบอลตัดต่อ', 'WP-1501', 'กางเกง', '86.00', '189.00', 1, '2016-07-09 03:32:19', 1),
(31, '8850000000196', 'WP-1501-WD-L', '19Wกางเกงฟุตบอลตัดต่อ', 'WP-1501', 'กางเกง', '86.00', '189.00', 1, '2016-07-09 03:32:19', 1),
(32, '8850000000198', 'WP-1501-WD-XL', '19Wกางเกงฟุตบอลตัดต่อ', 'WP-1501', 'กางเกง', '86.00', '189.00', 1, '2016-07-09 03:32:19', 1),
(33, '8850000000195', 'WP-1501-WD-2L', '19Wกางเกงฟุตบอลตัดต่อ', 'WP-1501', 'กางเกง', '86.00', '189.00', 1, '2016-07-09 03:32:19', 1),
(34, '8850000001381', 'WA-1501-ED-2S', '19Wเสื้อฟุตบอลพิมพ์ลาย', 'WA-1501', 'เสื้อ', '126.00', '349.00', 1, '2016-07-09 03:32:19', 1),
(35, '8850000000032', 'WA-1501-ED-M', '19Wเสื้อฟุตบอลพิมพ์ลาย', 'WA-1501', 'เสื้อ', '148.00', '349.00', 1, '2016-07-09 03:32:19', 1),
(36, '8850000000031', 'WA-1501-ED-L', '19Wเสื้อฟุตบอลพิมพ์ลาย', 'WA-1501', 'เสื้อ', '148.00', '349.00', 1, '2016-07-09 03:32:19', 1),
(37, '8850000000033', 'WA-1501-ED-XL', '19Wเสื้อฟุตบอลพิมพ์ลาย', 'WA-1501', 'เสื้อ', '148.00', '349.00', 1, '2016-07-09 03:32:19', 1),
(38, '8850000000029', 'WA-1501-ED-2L', '19Wเสื้อฟุตบอลพิมพ์ลาย', 'WA-1501', 'เสื้อ', '148.00', '349.00', 1, '2016-07-09 03:32:19', 1),
(39, '8850000000030', 'WA-1501-ED-3L', '19Wเสื้อฟุตบอลพิมพ์ลาย', 'WA-1501', 'เสื้อ', '148.00', '349.00', 1, '2016-07-09 03:32:19', 1),
(40, '8850000001380', 'WA-1501-ED-3S', '19Wเสื้อฟุตบอลพิมพ์ลาย', 'WA-1501', 'เสื้อ', '126.00', '349.00', 1, '2016-07-09 03:32:19', 1),
(41, '8850000001383', 'WA-1501-GB-2S', '19Wเสื้อฟุตบอลพิมพ์ลาย', 'WA-1501', 'เสื้อ', '126.00', '349.00', 1, '2016-07-09 03:33:08', 1),
(42, '8850000000037', 'WA-1501-GB-M', '19Wเสื้อฟุตบอลพิมพ์ลาย', 'WA-1501', 'เสื้อ', '148.00', '349.00', 1, '2016-07-09 03:32:20', 1),
(43, '8850000000036', 'WA-1501-GB-L', '19Wเสื้อฟุตบอลพิมพ์ลาย', 'WA-1501', 'เสื้อ', '148.00', '349.00', 1, '2016-07-09 03:32:20', 1),
(44, '8850000000038', 'WA-1501-GB-XL', '19Wเสื้อฟุตบอลพิมพ์ลาย', 'WA-1501', 'เสื้อ', '148.00', '349.00', 1, '2016-07-09 03:32:20', 1),
(45, '8850000000034', 'WA-1501-GB-2L', '19Wเสื้อฟุตบอลพิมพ์ลาย', 'WA-1501', 'เสื้อ', '148.00', '349.00', 1, '2016-07-09 03:32:20', 1),
(46, '8850000000035', 'WA-1501-GB-3L', '19Wเสื้อฟุตบอลพิมพ์ลาย', 'WA-1501', 'เสื้อ', '148.00', '349.00', 1, '2016-07-09 03:32:20', 1),
(47, '8850000001382', 'WA-1501-GB-3S', '19Wเสื้อฟุตบอลพิมพ์ลาย', 'WA-1501', 'เสื้อ', '126.00', '349.00', 1, '2016-07-09 03:32:20', 1),
(48, '8850000001385', 'WA-1501-OB-2S', '19Wเสื้อฟุตบอลพิมพ์ลาย', 'WA-1501', 'เสื้อ', '126.00', '349.00', 1, '2016-07-09 03:32:20', 1),
(49, '8850000000042', 'WA-1501-OB-M', '19Wเสื้อฟุตบอลพิมพ์ลาย', 'WA-1501', 'เสื้อ', '148.00', '349.00', 1, '2016-07-09 03:32:20', 1),
(50, '8850000000041', 'WA-1501-OB-L', '19Wเสื้อฟุตบอลพิมพ์ลาย', 'WA-1501', 'เสื้อ', '148.00', '349.00', 1, '2016-07-09 03:32:20', 1),
(51, '8850000000043', 'WA-1501-OB-XL', '19Wเสื้อฟุตบอลพิมพ์ลาย', 'WA-1501', 'เสื้อ', '148.00', '349.00', 1, '2016-07-09 03:32:20', 1),
(52, '8850000000039', 'WA-1501-OB-2L', '19Wเสื้อฟุตบอลพิมพ์ลาย', 'WA-1501', 'เสื้อ', '148.00', '349.00', 1, '2016-07-09 03:32:20', 1),
(53, '8850000000040', 'WA-1501-OB-3L', '19Wเสื้อฟุตบอลพิมพ์ลาย', 'WA-1501', 'เสื้อ', '148.00', '349.00', 1, '2016-07-09 03:32:20', 1),
(54, '8850000001384', 'WA-1501-OB-3S', '19Wเสื้อฟุตบอลพิมพ์ลาย', 'WA-1501', 'เสื้อ', '126.00', '349.00', 1, '2016-07-09 03:32:20', 1),
(55, '8850000001387', 'WA-1501-RB-2S', '19Wเสื้อฟุตบอลพิมพ์ลาย', 'WA-1501', 'เสื้อ', '126.00', '349.00', 1, '2016-07-09 03:32:20', 1),
(56, '8850000000047', 'WA-1501-RB-M', '19Wเสื้อฟุตบอลพิมพ์ลาย', 'WA-1501', 'เสื้อ', '148.00', '349.00', 1, '2016-07-09 03:32:20', 1),
(57, '8850000000046', 'WA-1501-RB-L', '19Wเสื้อฟุตบอลพิมพ์ลาย', 'WA-1501', 'เสื้อ', '148.00', '349.00', 1, '2016-07-09 03:32:20', 1),
(58, '8850000000048', 'WA-1501-RB-XL', '19Wเสื้อฟุตบอลพิมพ์ลาย', 'WA-1501', 'เสื้อ', '148.00', '349.00', 1, '2016-07-09 03:32:20', 1),
(59, '8850000000044', 'WA-1501-RB-2L', '19Wเสื้อฟุตบอลพิมพ์ลาย', 'WA-1501', 'เสื้อ', '148.00', '349.00', 1, '2016-07-09 03:32:20', 1),
(60, '8850000000045', 'WA-1501-RB-3L', '19Wเสื้อฟุตบอลพิมพ์ลาย', 'WA-1501', 'เสื้อ', '148.00', '349.00', 1, '2016-07-09 03:32:20', 1),
(61, '8850000001386', 'WA-1501-RB-3S', '19Wเสื้อฟุตบอลพิมพ์ลาย', 'WA-1501', 'เสื้อ', '126.00', '349.00', 1, '2016-07-09 03:32:20', 1),
(62, '8850000001391', 'WA-1501-WL-2S', '19Wเสื้อฟุตบอลพิมพ์ลาย', 'WA-1501', 'เสื้อ', '126.00', '349.00', 1, '2016-07-09 03:32:20', 1),
(63, '8850000000052', 'WA-1501-WL-M', '19Wเสื้อฟุตบอลพิมพ์ลาย', 'WA-1501', 'เสื้อ', '148.00', '349.00', 1, '2016-07-09 03:32:20', 1),
(64, '8850000000051', 'WA-1501-WL-L', '19Wเสื้อฟุตบอลพิมพ์ลาย', 'WA-1501', 'เสื้อ', '148.00', '349.00', 1, '2016-07-09 03:32:20', 1),
(65, '8850000000053', 'WA-1501-WL-XL', '19Wเสื้อฟุตบอลพิมพ์ลาย', 'WA-1501', 'เสื้อ', '148.00', '349.00', 1, '2016-07-09 03:32:20', 1),
(66, '8850000000049', 'WA-1501-WL-2L', '19Wเสื้อฟุตบอลพิมพ์ลาย', 'WA-1501', 'เสื้อ', '148.00', '349.00', 1, '2016-07-09 03:32:20', 1),
(67, '8850000000050', 'WA-1501-WL-3L', '19Wเสื้อฟุตบอลพิมพ์ลาย', 'WA-1501', 'เสื้อ', '148.00', '349.00', 1, '2016-07-09 03:32:20', 1),
(68, '8850000001390', 'WA-1501-WL-3S', '19Wเสื้อฟุตบอลพิมพ์ลาย', 'WA-1501', 'เสื้อ', '126.00', '349.00', 1, '2016-07-09 03:32:20', 1),
(69, '8850000001389', 'WA-1501-YB-2S', '19Wเสื้อฟุตบอลพิมพ์ลาย', 'WA-1501', 'เสื้อ', '126.00', '349.00', 1, '2016-07-09 03:32:20', 1),
(70, '8850000000057', 'WA-1501-YB-M', '19Wเสื้อฟุตบอลพิมพ์ลาย', 'WA-1501', 'เสื้อ', '148.00', '349.00', 1, '2016-07-09 03:32:20', 1),
(71, '8850000000056', 'WA-1501-YB-L', '19Wเสื้อฟุตบอลพิมพ์ลาย', 'WA-1501', 'เสื้อ', '148.00', '349.00', 1, '2016-07-09 03:32:20', 1),
(72, '8850000000058', 'WA-1501-YB-XL', '19Wเสื้อฟุตบอลพิมพ์ลาย', 'WA-1501', 'เสื้อ', '148.00', '349.00', 1, '2016-07-09 03:32:20', 1),
(73, '8850000000054', 'WA-1501-YB-2L', '19Wเสื้อฟุตบอลพิมพ์ลาย', 'WA-1501', 'เสื้อ', '148.00', '349.00', 1, '2016-07-09 03:32:20', 1),
(74, '8850000000055', 'WA-1501-YB-3L', '19Wเสื้อฟุตบอลพิมพ์ลาย', 'WA-1501', 'เสื้อ', '148.00', '349.00', 1, '2016-07-09 03:32:20', 1),
(75, '8850000001388', 'WA-1501-YB-3S', '19Wเสื้อฟุตบอลพิมพ์ลาย', 'WA-1501', 'เสื้อ', '126.00', '349.00', 1, '2016-07-09 03:32:20', 1);

-- --------------------------------------------------------

--
-- Table structure for table `tbl_member`
--

CREATE TABLE `tbl_member` (
  `code` varchar(32) NOT NULL,
  `id_shop` int(11) NOT NULL,
  `first_name` varchar(50) DEFAULT NULL,
  `last_name` varchar(50) DEFAULT NULL,
  `gender` enum('male','female','trans') DEFAULT NULL,
  `age` int(3) DEFAULT NULL,
  `date_add` date NOT NULL,
  `active` tinyint(1) NOT NULL DEFAULT '1'
) ENGINE=InnoDB DEFAULT CHARSET=utf8;

-- --------------------------------------------------------

--
-- Table structure for table `tbl_order`
--

CREATE TABLE `tbl_order` (
  `id_order` int(11) NOT NULL,
  `reference` varchar(32) NOT NULL,
  `id_customer` int(11) NOT NULL DEFAULT '0',
  `id_employee` int(11) NOT NULL DEFAULT '0',
  `status` int(11) NOT NULL DEFAULT '0' COMMENT '0 = not save, 1 = saved, 2 = cancle',
  `date_add` datetime NOT NULL DEFAULT CURRENT_TIMESTAMP,
  `date_upd` timestamp NOT NULL DEFAULT CURRENT_TIMESTAMP,
  `id_shop` int(11) NOT NULL
) ENGINE=InnoDB DEFAULT CHARSET=utf8;

--
-- Dumping data for table `tbl_order`
--

INSERT INTO `tbl_order` (`id_order`, `reference`, `id_customer`, `id_employee`, `status`, `date_add`, `date_upd`, `id_shop`) VALUES
(1, 'IV-160600001', 0, 1, 0, '2016-06-23 12:01:26', '2016-06-23 05:01:26', 1);

-- --------------------------------------------------------

--
-- Table structure for table `tbl_order_detail`
--

CREATE TABLE `tbl_order_detail` (
  `id_order_detail` int(11) NOT NULL,
  `id_order` int(11) NOT NULL,
  `reference` varchar(32) NOT NULL,
  `barcode` varchar(32) NOT NULL,
  `item_code` varchar(32) NOT NULL,
  `item_name` varchar(150) NOT NULL,
  `style` varchar(32) NOT NULL,
  `qty` int(11) NOT NULL DEFAULT '0',
  `cost` decimal(17,2) NOT NULL DEFAULT '0.00',
  `price` decimal(17,2) NOT NULL DEFAULT '0.00',
  `discount_percent` decimal(5,2) NOT NULL DEFAULT '0.00',
  `discount_amount` decimal(17,2) NOT NULL DEFAULT '0.00',
  `total_discount` decimal(17,2) NOT NULL DEFAULT '0.00',
  `final_price` decimal(17,2) NOT NULL DEFAULT '0.00',
  `total_amount` decimal(17,2) NOT NULL DEFAULT '0.00',
  `date_upd` timestamp NOT NULL DEFAULT CURRENT_TIMESTAMP ON UPDATE CURRENT_TIMESTAMP,
  `valid` tinyint(1) NOT NULL DEFAULT '0',
  `id_promotion` int(11) NOT NULL DEFAULT '0',
  `id_shop` int(11) NOT NULL
) ENGINE=InnoDB DEFAULT CHARSET=utf8;

--
-- Dumping data for table `tbl_order_detail`
--

INSERT INTO `tbl_order_detail` (`id_order_detail`, `id_order`, `reference`, `barcode`, `item_code`, `item_name`, `style`, `qty`, `cost`, `price`, `discount_percent`, `discount_amount`, `total_discount`, `final_price`, `total_amount`, `date_upd`, `valid`, `id_promotion`, `id_shop`) VALUES
(1, 1, 'IV-160600001', '8850000007643', 'WA-RY10M-WW-M', '20RYเสื้อคอกลม พิมพ์ลาย สโมสรระยอง ', 'WA-RY10M', 1, '112.00', '89.00', '0.00', '0.00', '0.00', '89.00', '89.00', '2016-06-23 05:01:48', 0, 1, 0);

-- --------------------------------------------------------

--
-- Table structure for table `tbl_payment`
--

CREATE TABLE `tbl_payment` (
  `id_payment` int(11) NOT NULL,
  `id_order` int(11) NOT NULL,
  `reference` varchar(32) NOT NULL,
  `order_amount` decimal(17,2) NOT NULL DEFAULT '0.00',
  `discount` decimal(17,2) NOT NULL DEFAULT '0.00',
  `received` decimal(17,2) NOT NULL DEFAULT '0.00',
  `changed` decimal(17,2) NOT NULL DEFAULT '0.00',
  `id_employee` int(11) NOT NULL,
  `date_upd` timestamp NOT NULL DEFAULT CURRENT_TIMESTAMP ON UPDATE CURRENT_TIMESTAMP,
  `pay_by` enum('cash','credit_card') NOT NULL DEFAULT 'cash',
  `id_shop` int(11) NOT NULL
) ENGINE=InnoDB DEFAULT CHARSET=utf8;

-- --------------------------------------------------------

--
-- Table structure for table `tbl_profile`
--

CREATE TABLE `tbl_profile` (
  `id_profile` int(11) NOT NULL,
  `profile_name` varchar(100) NOT NULL
) ENGINE=MyISAM DEFAULT CHARSET=utf8;

--
-- Dumping data for table `tbl_profile`
--

INSERT INTO `tbl_profile` (`id_profile`, `profile_name`) VALUES
(1, 'Supper Admin'),
(2, 'admin'),
(3, 'user');

-- --------------------------------------------------------

--
-- Table structure for table `tbl_promotion`
--

CREATE TABLE `tbl_promotion` (
  `id_promotion` int(11) NOT NULL,
  `id_shop` int(11) NOT NULL,
  `code` varchar(32) NOT NULL,
  `name` varchar(50) NOT NULL,
  `id_rule` int(11) NOT NULL,
  `accept_payment` enum('all','cash','card','credit') NOT NULL DEFAULT 'all',
  `restriction` enum('all','member') NOT NULL DEFAULT 'all',
  `start_date` date NOT NULL,
  `end_date` date NOT NULL,
  `date_add` datetime NOT NULL DEFAULT CURRENT_TIMESTAMP,
  `emp_name` varchar(100) NOT NULL,
  `combination_use` tinyint(1) NOT NULL DEFAULT '0' COMMENT '0 = ไม่สามารถใข้ร่วมกับโปรอื่นได้ , 1 = ใช้ร่วมกับโปรอื่นได้',
  `active` tinyint(1) NOT NULL DEFAULT '0'
) ENGINE=InnoDB DEFAULT CHARSET=utf8;

-- --------------------------------------------------------

--
-- Table structure for table `tbl_promotion_condition_amount`
--

CREATE TABLE `tbl_promotion_condition_amount` (
  `id` int(11) NOT NULL,
  `id_rule` int(11) NOT NULL,
  `barcode` varchar(32) NOT NULL
) ENGINE=InnoDB DEFAULT CHARSET=utf8;

-- --------------------------------------------------------

--
-- Table structure for table `tbl_promotion_condition_item`
--

CREATE TABLE `tbl_promotion_condition_item` (
  `id` int(11) NOT NULL,
  `id_rule` int(11) NOT NULL,
  `barcode` varchar(32) NOT NULL,
  `qty` int(5) NOT NULL DEFAULT '1',
  `unit` enum('amount','pcs') NOT NULL DEFAULT 'amount'
) ENGINE=InnoDB DEFAULT CHARSET=utf8;

-- --------------------------------------------------------

--
-- Table structure for table `tbl_promotion_condition_member`
--

CREATE TABLE `tbl_promotion_condition_member` (
  `id` int(11) NOT NULL,
  `id_rule` int(11) NOT NULL,
  `member_code` varchar(32) NOT NULL
) ENGINE=InnoDB DEFAULT CHARSET=utf8;

-- --------------------------------------------------------

--
-- Table structure for table `tbl_promotion_gain_coupon`
--

CREATE TABLE `tbl_promotion_gain_coupon` (
  `id` int(11) NOT NULL,
  `id_rule` int(11) NOT NULL,
  `amount` decimal(10,2) NOT NULL DEFAULT '0.00',
  `unit` enum('amount','percent') NOT NULL DEFAULT 'amount',
  `start_date` date DEFAULT NULL,
  `end_date` date DEFAULT NULL
) ENGINE=InnoDB DEFAULT CHARSET=utf8;

-- --------------------------------------------------------

--
-- Table structure for table `tbl_promotion_gain_discount`
--

CREATE TABLE `tbl_promotion_gain_discount` (
  `id` int(11) NOT NULL,
  `id_rule` int(11) NOT NULL,
  `amount` decimal(10,2) NOT NULL DEFAULT '0.00',
  `unit` enum('amount','percent') NOT NULL DEFAULT 'amount'
) ENGINE=InnoDB DEFAULT CHARSET=utf8;

-- --------------------------------------------------------

--
-- Table structure for table `tbl_promotion_gain_item`
--

CREATE TABLE `tbl_promotion_gain_item` (
  `id` int(11) NOT NULL,
  `id_rule` int(11) NOT NULL,
  `scope` enum('item','style','category','brand') NOT NULL DEFAULT 'item',
  `barcode` varchar(32) DEFAULT NULL,
  `style` varchar(32) DEFAULT NULL,
  `category` varchar(50) DEFAULT NULL,
  `brand` int(5) DEFAULT NULL,
  `qty` int(3) NOT NULL DEFAULT '1',
  `total_qty` int(5) NOT NULL DEFAULT '1'
) ENGINE=InnoDB DEFAULT CHARSET=utf8;

-- --------------------------------------------------------

--
-- Table structure for table `tbl_promotion_gain_point`
--

CREATE TABLE `tbl_promotion_gain_point` (
  `id` int(11) NOT NULL,
  `id_rule` int(11) NOT NULL,
  `point` int(5) NOT NULL DEFAULT '0'
) ENGINE=InnoDB DEFAULT CHARSET=utf8;

-- --------------------------------------------------------

--
-- Table structure for table `tbl_promotion_gain_price`
--

CREATE TABLE `tbl_promotion_gain_price` (
  `id` int(11) NOT NULL,
  `id_rule` int(11) NOT NULL,
  `price` decimal(10,2) NOT NULL
) ENGINE=InnoDB DEFAULT CHARSET=utf8;

-- --------------------------------------------------------

--
-- Table structure for table `tbl_promotion_items`
--

CREATE TABLE `tbl_promotion_items` (
  `id` int(11) NOT NULL,
  `barcode` varchar(32) NOT NULL,
  `id_promotion` int(11) NOT NULL DEFAULT '0',
  `date_upd` datetime NOT NULL DEFAULT CURRENT_TIMESTAMP
) ENGINE=InnoDB DEFAULT CHARSET=utf8;

--
-- Dumping data for table `tbl_promotion_items`
--

INSERT INTO `tbl_promotion_items` (`id`, `barcode`, `id_promotion`, `date_upd`) VALUES
(1, '8850000007643', 1, '2016-06-21 11:27:06'),
(2, '8850000007644', 1, '2016-06-21 11:27:06'),
(3, '8850000002424', 2, '2016-06-21 11:27:26'),
(4, '8850000002425', 2, '2016-06-21 11:27:26'),
(5, '8850000003047', 3, '2016-06-21 11:27:39'),
(6, '8850000006967', 3, '2016-06-21 11:27:40'),
(7, '8850000006968', 3, '2016-06-21 11:27:40'),
(8, '8850000007040', 3, '2016-06-21 11:27:40'),
(9, '8850000007041', 3, '2016-06-21 11:27:40'),
(10, '8850000007042', 3, '2016-06-21 11:27:40'),
(11, '8850000006168', 3, '2016-06-21 11:27:40'),
(12, '8850000006171', 3, '2016-06-21 11:27:40'),
(13, '8850000006169', 3, '2016-06-21 11:27:40'),
(14, '8850000006172', 3, '2016-06-21 11:27:40'),
(15, '8850000006173', 3, '2016-06-21 11:27:40'),
(16, '8850000006538', 3, '2016-06-21 11:27:40'),
(17, '8850000006539', 3, '2016-06-21 11:27:40'),
(18, '8850000006319', 3, '2016-06-21 11:27:40'),
(19, '8850000006320', 3, '2016-06-21 11:27:40'),
(20, '8850000006321', 3, '2016-06-21 11:27:40'),
(21, '8850000006322', 3, '2016-06-21 11:27:40'),
(22, '8850000007651', 3, '2016-06-21 11:27:40'),
(23, '8850000007652', 3, '2016-06-21 11:27:40'),
(24, '8850000007656', 3, '2016-06-21 11:27:40'),
(25, '8850000007657', 3, '2016-06-21 11:27:40'),
(26, '8850000006524', 3, '2016-06-21 11:27:40'),
(27, '8850000006531', 3, '2016-06-21 11:27:40'),
(28, '8850000006526', 3, '2016-06-21 11:27:40'),
(29, '8850000006533', 3, '2016-06-21 11:27:40'),
(30, '8850000006529', 3, '2016-06-21 11:27:40'),
(31, '8850000006536', 3, '2016-06-21 11:27:40'),
(32, '8850000006530', 3, '2016-06-21 11:27:40'),
(33, '8850000006537', 3, '2016-06-21 11:27:40'),
(34, '8850000006927', 3, '2016-06-21 11:27:40'),
(35, '8850000006924', 3, '2016-06-21 11:27:40'),
(36, '8850000006928', 3, '2016-06-21 11:27:40'),
(37, '8850000006925', 3, '2016-06-21 11:27:40'),
(38, '8850000002412', 3, '2016-06-21 11:27:40'),
(39, '8850000002389', 3, '2016-06-21 11:27:41'),
(40, '8850000002418', 3, '2016-06-21 11:27:41'),
(41, '8850000002395', 3, '2016-06-21 11:27:41'),
(42, '8850000002407', 3, '2016-06-21 11:27:41'),
(43, '8850000002401', 3, '2016-06-21 11:27:41'),
(44, '8850000002413', 3, '2016-06-21 11:27:41'),
(45, '8850000002390', 3, '2016-06-21 11:27:41'),
(46, '8850000002419', 3, '2016-06-21 11:27:41'),
(47, '8850000002396', 3, '2016-06-21 11:27:41'),
(48, '8850000002408', 3, '2016-06-21 11:27:41'),
(49, '8850000002402', 3, '2016-06-21 11:27:41'),
(50, '8850000002414', 3, '2016-06-21 11:27:41'),
(51, '8850000002391', 3, '2016-06-21 11:27:41'),
(52, '8850000002420', 3, '2016-06-21 11:27:41'),
(53, '8850000002397', 3, '2016-06-21 11:27:41'),
(54, '8850000002409', 3, '2016-06-21 11:27:41'),
(55, '8850000002403', 3, '2016-06-21 11:27:41'),
(56, '8850000002415', 3, '2016-06-21 11:27:41'),
(57, '8850000002392', 3, '2016-06-21 11:27:41'),
(58, '8850000002421', 3, '2016-06-21 11:27:41'),
(59, '8850000002398', 3, '2016-06-21 11:27:41'),
(60, '8850000002410', 3, '2016-06-21 11:27:41'),
(61, '8850000002404', 3, '2016-06-21 11:27:41'),
(62, '8850000002416', 3, '2016-06-21 11:27:41'),
(63, '8850000002393', 3, '2016-06-21 11:27:41'),
(64, '8850000002422', 3, '2016-06-21 11:27:41'),
(65, '8850000002399', 3, '2016-06-21 11:27:41'),
(66, '8850000002411', 3, '2016-06-21 11:27:41'),
(67, '8850000002405', 3, '2016-06-21 11:27:41'),
(68, '8850000002057', 3, '2016-06-21 11:27:41'),
(69, '8850000002330', 3, '2016-06-21 11:27:41'),
(70, '8850000002071', 3, '2016-06-21 11:27:41'),
(71, '8850000002064', 3, '2016-06-21 11:27:41'),
(72, '8850000002078', 3, '2016-06-21 11:27:42'),
(73, '8850000002085', 3, '2016-06-21 11:27:42'),
(74, '8850000002058', 3, '2016-06-21 11:27:42'),
(75, '8850000002331', 3, '2016-06-21 11:27:42'),
(76, '8850000002072', 3, '2016-06-21 11:27:42'),
(77, '8850000002093', 3, '2016-06-21 11:27:42'),
(78, '8850000002065', 3, '2016-06-21 11:27:42'),
(79, '8850000002079', 3, '2016-06-21 11:27:42'),
(80, '8850000002086', 3, '2016-06-21 11:27:42'),
(81, '8850000002045', 3, '2016-06-21 11:27:42'),
(82, '8850000002073', 3, '2016-06-21 11:27:42'),
(83, '8850000002087', 3, '2016-06-21 11:27:42'),
(84, '8850000002095', 3, '2016-06-21 11:27:42'),
(85, '8850000002075', 3, '2016-06-21 11:27:42'),
(86, '8850000002096', 3, '2016-06-21 11:27:42'),
(87, '8850000002082', 3, '2016-06-21 11:27:42'),
(88, '8850000002089', 3, '2016-06-21 11:27:42'),
(89, '8850000002048', 3, '2016-06-21 11:27:42'),
(90, '8850000002055', 3, '2016-06-21 11:27:42'),
(91, '8850000002062', 3, '2016-06-21 11:27:42'),
(92, '8850000002335', 3, '2016-06-21 11:27:42'),
(93, '8850000002076', 3, '2016-06-21 11:27:42'),
(94, '8850000002097', 3, '2016-06-21 11:27:42'),
(95, '8850000002069', 3, '2016-06-21 11:27:42'),
(96, '8850000002083', 3, '2016-06-21 11:27:42'),
(97, '8850000002090', 3, '2016-06-21 11:27:42'),
(98, '8850000002049', 3, '2016-06-21 11:27:42'),
(99, '8850000002056', 3, '2016-06-21 11:27:42'),
(100, '8850000002063', 3, '2016-06-21 11:27:42'),
(101, '8850000002336', 3, '2016-06-21 11:27:42'),
(102, '8850000002077', 3, '2016-06-21 11:27:42'),
(103, '8850000002098', 3, '2016-06-21 11:27:42'),
(104, '8850000002070', 3, '2016-06-21 11:27:42'),
(105, '8850000002084', 3, '2016-06-21 11:27:42'),
(106, '8850000002091', 3, '2016-06-21 11:27:43'),
(107, '8850000002450', 3, '2016-06-21 11:27:43'),
(108, '8850000002432', 3, '2016-06-21 11:27:43'),
(109, '8850000002438', 3, '2016-06-21 11:27:43'),
(110, '8850000002445', 3, '2016-06-21 11:27:43'),
(111, '8850000002439', 3, '2016-06-21 11:27:43'),
(112, '8850000002440', 3, '2016-06-21 11:27:43'),
(113, '8850000002453', 3, '2016-06-21 11:27:43'),
(114, '8850000002447', 3, '2016-06-21 11:27:43'),
(115, '8850000002441', 3, '2016-06-21 11:27:43'),
(116, '8850000002454', 3, '2016-06-21 11:27:43'),
(117, '8850000002448', 3, '2016-06-21 11:27:43'),
(118, '8850000002442', 3, '2016-06-21 11:27:43'),
(119, '8850000002455', 3, '2016-06-21 11:27:43'),
(120, '8850000002443', 3, '2016-06-21 11:27:43'),
(121, '8850000003888', 3, '2016-06-21 11:27:43'),
(122, '8850000003889', 3, '2016-06-21 11:27:43'),
(123, '8850000003890', 3, '2016-06-21 11:27:43'),
(124, '8850000003891', 3, '2016-06-21 11:27:43'),
(125, '8850000003723', 3, '2016-06-21 11:27:43'),
(126, '8850000003719', 3, '2016-06-21 11:27:43'),
(127, '8850000003724', 3, '2016-06-21 11:27:43'),
(128, '8850000003720', 3, '2016-06-21 11:27:43'),
(129, '8850000003725', 3, '2016-06-21 11:27:43'),
(130, '8850000003721', 3, '2016-06-21 11:27:43'),
(131, '8850000003887', 3, '2016-06-21 11:27:43'),
(132, '8850000003886', 3, '2016-06-21 11:27:43'),
(133, '8850000008722', 4, '2016-06-21 11:28:05'),
(134, '8850000008723', 4, '2016-06-21 11:28:05'),
(135, '8850000008724', 4, '2016-06-21 11:28:05'),
(136, '8850000008725', 4, '2016-06-21 11:28:05'),
(137, '8850000008726', 4, '2016-06-21 11:28:05'),
(138, '8850000002642', 5, '2016-06-21 11:28:23'),
(139, '8850000002643', 5, '2016-06-21 11:28:23'),
(140, '8850000003896', 5, '2016-06-21 11:28:23'),
(141, '8850000003897', 5, '2016-06-21 11:28:23'),
(142, '8850000003898', 5, '2016-06-21 11:28:23'),
(143, '8850000003899', 5, '2016-06-21 11:28:23'),
(144, '8850000003900', 5, '2016-06-21 11:28:23'),
(145, '8850000003901', 5, '2016-06-21 11:28:23'),
(146, '8850000004122', 5, '2016-06-21 11:28:23'),
(147, '8850000004123', 5, '2016-06-21 11:28:23'),
(148, '8850000004124', 5, '2016-06-21 11:28:23'),
(149, '8850000004125', 5, '2016-06-21 11:28:23'),
(150, '8850000004126', 5, '2016-06-21 11:28:23'),
(151, '8850000006733', 5, '2016-06-21 11:28:23'),
(152, '8850000006734', 5, '2016-06-21 11:28:24'),
(153, '8850000006735', 5, '2016-06-21 11:28:24'),
(154, '8850000006736', 5, '2016-06-21 11:28:24'),
(155, '8850000006737', 5, '2016-06-21 11:28:24'),
(156, '8850000006738', 5, '2016-06-21 11:28:24'),
(157, '8850000003448', 5, '2016-06-21 11:28:24'),
(158, '8850000003449', 5, '2016-06-21 11:28:24'),
(159, '8850000005852', 5, '2016-06-21 11:28:24'),
(160, '8850000005849', 5, '2016-06-21 11:28:24'),
(161, '8850000004374', 5, '2016-06-21 11:28:24'),
(162, '8850000004375', 5, '2016-06-21 11:28:24'),
(163, '8850000008749', 5, '2016-06-21 11:28:24'),
(164, '8850000008750', 5, '2016-06-21 11:28:24'),
(165, '8850000008751', 5, '2016-06-21 11:28:24'),
(166, '8850000004669', 5, '2016-06-21 11:28:24'),
(167, '8850000004670', 5, '2016-06-21 11:28:24'),
(168, '8850000004671', 5, '2016-06-21 11:28:24'),
(169, '8850000004672', 5, '2016-06-21 11:28:24'),
(170, '8850000004673', 5, '2016-06-21 11:28:24'),
(171, '8850000004679', 5, '2016-06-21 11:28:24'),
(172, '8850000004499', 5, '2016-06-21 11:28:24'),
(173, '8850000004501', 5, '2016-06-21 11:28:24'),
(174, '8850000004512', 5, '2016-06-21 11:28:24'),
(175, '8850000004518', 5, '2016-06-21 11:28:24'),
(176, '8850000004513', 5, '2016-06-21 11:28:24'),
(177, '8850000004519', 5, '2016-06-21 11:28:24'),
(178, '8850000004514', 5, '2016-06-21 11:28:24'),
(179, '8850000004515', 5, '2016-06-21 11:28:24'),
(180, '8850000004521', 5, '2016-06-21 11:28:24'),
(181, '8850000004516', 5, '2016-06-21 11:28:24'),
(182, '8850000003924', 5, '2016-06-21 11:28:24'),
(183, '8850000003925', 5, '2016-06-21 11:28:24'),
(184, '8850000003928', 5, '2016-06-21 11:28:25'),
(185, '8850000003929', 5, '2016-06-21 11:28:25'),
(186, '8850000003930', 5, '2016-06-21 11:28:25'),
(187, '8850000005225', 5, '2016-06-21 11:28:25'),
(188, '8850000005231', 5, '2016-06-21 11:28:25'),
(189, '8850000004693', 5, '2016-06-21 11:28:25'),
(190, '8850000004701', 5, '2016-06-21 11:28:25'),
(191, '8850000004695', 5, '2016-06-21 11:28:25'),
(192, '8850000004702', 5, '2016-06-21 11:28:25'),
(193, '8850000004696', 5, '2016-06-21 11:28:25'),
(194, '8850000004703', 5, '2016-06-21 11:28:25'),
(195, '8850000004697', 5, '2016-06-21 11:28:25'),
(196, '8850000004704', 5, '2016-06-21 11:28:25'),
(197, '8850000004698', 5, '2016-06-21 11:28:25'),
(198, '8850000002247', 5, '2016-06-21 11:28:25'),
(199, '8850000002253', 5, '2016-06-21 11:28:25'),
(200, '8850000002229', 5, '2016-06-21 11:28:25'),
(201, '8850000002235', 5, '2016-06-21 11:28:25'),
(202, '8850000002241', 5, '2016-06-21 11:28:25'),
(203, '8850000005406', 5, '2016-06-21 11:28:25'),
(204, '8850000002248', 5, '2016-06-21 11:28:25'),
(205, '8850000002254', 5, '2016-06-21 11:28:25'),
(206, '8850000002230', 5, '2016-06-21 11:28:25'),
(207, '8850000002236', 5, '2016-06-21 11:28:25'),
(208, '8850000002242', 5, '2016-06-21 11:28:25'),
(209, '8850000005407', 5, '2016-06-21 11:28:25'),
(210, '8850000002249', 5, '2016-06-21 11:28:25'),
(211, '8850000002255', 5, '2016-06-21 11:28:25'),
(212, '8850000002231', 5, '2016-06-21 11:28:25'),
(213, '8850000002237', 5, '2016-06-21 11:28:25'),
(214, '8850000002243', 5, '2016-06-21 11:28:25'),
(215, '8850000005408', 5, '2016-06-21 11:28:25'),
(216, '8850000002250', 5, '2016-06-21 11:28:25'),
(217, '8850000002256', 5, '2016-06-21 11:28:25'),
(218, '8850000002232', 5, '2016-06-21 11:28:26'),
(219, '8850000002238', 5, '2016-06-21 11:28:26'),
(220, '8850000002244', 5, '2016-06-21 11:28:26'),
(221, '8850000005409', 5, '2016-06-21 11:28:26'),
(222, '8850000002251', 5, '2016-06-21 11:28:26'),
(223, '8850000002257', 5, '2016-06-21 11:28:26'),
(224, '8850000002233', 5, '2016-06-21 11:28:26'),
(225, '8850000002239', 5, '2016-06-21 11:28:26'),
(226, '8850000002245', 5, '2016-06-21 11:28:26'),
(227, '8850000005410', 5, '2016-06-21 11:28:26'),
(228, '8850000002252', 5, '2016-06-21 11:28:26'),
(229, '8850000002258', 5, '2016-06-21 11:28:26'),
(230, '8850000002234', 5, '2016-06-21 11:28:26'),
(231, '8850000002240', 5, '2016-06-21 11:28:26'),
(232, '8850000002246', 5, '2016-06-21 11:28:26'),
(233, '8850000005411', 5, '2016-06-21 11:28:26'),
(234, '8850000003555', 5, '2016-06-21 11:28:26'),
(235, '8850000003551', 5, '2016-06-21 11:28:26'),
(236, '8850000002505', 5, '2016-06-21 11:28:26'),
(237, '8850000002264', 5, '2016-06-21 11:28:26'),
(238, '8850000002269', 5, '2016-06-21 11:28:26'),
(239, '8850000002274', 5, '2016-06-21 11:28:26'),
(240, '8850000002279', 5, '2016-06-21 11:28:26'),
(241, '8850000002506', 5, '2016-06-21 11:28:26'),
(242, '8850000002265', 5, '2016-06-21 11:28:26'),
(243, '8850000002270', 5, '2016-06-21 11:28:26'),
(244, '8850000002275', 5, '2016-06-21 11:28:26'),
(245, '8850000002280', 5, '2016-06-21 11:28:26'),
(246, '8850000002266', 5, '2016-06-21 11:28:26'),
(247, '8850000002271', 5, '2016-06-21 11:28:26'),
(248, '8850000002276', 5, '2016-06-21 11:28:26'),
(249, '8850000002281', 5, '2016-06-21 11:28:26'),
(250, '8850000002508', 5, '2016-06-21 11:28:26'),
(251, '8850000002267', 5, '2016-06-21 11:28:26'),
(252, '8850000002272', 5, '2016-06-21 11:28:27'),
(253, '8850000002277', 5, '2016-06-21 11:28:27'),
(254, '8850000002282', 5, '2016-06-21 11:28:27'),
(255, '8850000002509', 5, '2016-06-21 11:28:27'),
(256, '8850000002268', 5, '2016-06-21 11:28:27'),
(257, '8850000002273', 5, '2016-06-21 11:28:27'),
(258, '8850000002278', 5, '2016-06-21 11:28:27'),
(259, '8850000002283', 5, '2016-06-21 11:28:27'),
(260, '8850000002510', 5, '2016-06-21 11:28:27'),
(261, '8850000003556', 5, '2016-06-21 11:28:27'),
(262, '8850000003559', 5, '2016-06-21 11:28:27'),
(263, '8850000003557', 5, '2016-06-21 11:28:27'),
(264, '8850000003558', 5, '2016-06-21 11:28:27'),
(265, '8850000001722', 5, '2016-06-21 11:28:27'),
(266, '8850000001698', 5, '2016-06-21 11:28:27'),
(267, '8850000006605', 5, '2016-06-21 11:28:27'),
(268, '8850000001710', 5, '2016-06-21 11:28:27'),
(269, '8850000001716', 5, '2016-06-21 11:28:27'),
(270, '8850000001704', 5, '2016-06-21 11:28:27'),
(271, '8850000001723', 5, '2016-06-21 11:28:27'),
(272, '8850000001699', 5, '2016-06-21 11:28:27'),
(273, '8850000006606', 5, '2016-06-21 11:28:27'),
(274, '8850000001711', 5, '2016-06-21 11:28:27'),
(275, '8850000001705', 5, '2016-06-21 11:28:27'),
(276, '8850000001724', 5, '2016-06-21 11:28:27'),
(277, '8850000001700', 5, '2016-06-21 11:28:27'),
(278, '8850000006607', 5, '2016-06-21 11:28:27'),
(279, '8850000001712', 5, '2016-06-21 11:28:27'),
(280, '8850000001706', 5, '2016-06-21 11:28:27'),
(281, '8850000001725', 5, '2016-06-21 11:28:27'),
(282, '8850000001701', 5, '2016-06-21 11:28:27'),
(283, '8850000006608', 5, '2016-06-21 11:28:27'),
(284, '8850000001713', 5, '2016-06-21 11:28:27'),
(285, '8850000001719', 5, '2016-06-21 11:28:28'),
(286, '8850000001707', 5, '2016-06-21 11:28:28'),
(287, '8850000001726', 5, '2016-06-21 11:28:28'),
(288, '8850000001702', 5, '2016-06-21 11:28:28'),
(289, '8850000006609', 5, '2016-06-21 11:28:28'),
(290, '8850000001714', 5, '2016-06-21 11:28:28'),
(291, '8850000001720', 5, '2016-06-21 11:28:28'),
(292, '8850000001727', 5, '2016-06-21 11:28:28'),
(293, '8850000001703', 5, '2016-06-21 11:28:28'),
(294, '8850000010228', 5, '2016-06-21 11:28:28'),
(295, '8850000001715', 5, '2016-06-21 11:28:28'),
(296, '8850000001721', 5, '2016-06-21 11:28:28'),
(297, '8850000001709', 5, '2016-06-21 11:28:28'),
(298, '8850000001389', 5, '2016-06-21 11:28:28'),
(299, '8850000000032', 5, '2016-06-21 11:28:28'),
(300, '8850000000037', 5, '2016-06-21 11:28:28'),
(301, '8850000000042', 5, '2016-06-21 11:28:28'),
(302, '8850000000047', 5, '2016-06-21 11:28:28'),
(303, '8850000000052', 5, '2016-06-21 11:28:28'),
(304, '8850000000057', 5, '2016-06-21 11:28:28'),
(305, '8850000000031', 5, '2016-06-21 11:28:28'),
(306, '8850000000036', 5, '2016-06-21 11:28:28'),
(307, '8850000000041', 5, '2016-06-21 11:28:28'),
(308, '8850000000046', 5, '2016-06-21 11:28:28'),
(309, '8850000000051', 5, '2016-06-21 11:28:28'),
(310, '8850000000056', 5, '2016-06-21 11:28:28'),
(311, '8850000000033', 5, '2016-06-21 11:28:28'),
(312, '8850000000038', 5, '2016-06-21 11:28:28'),
(313, '8850000000043', 5, '2016-06-21 11:28:28'),
(314, '8850000000029', 5, '2016-06-21 11:28:28'),
(315, '8850000000039', 5, '2016-06-21 11:28:28'),
(316, '8850000000049', 5, '2016-06-21 11:28:28'),
(317, '8850000004164', 5, '2016-06-21 11:28:28'),
(318, '8850000004160', 5, '2016-06-21 11:28:29'),
(319, '8850000004156', 5, '2016-06-21 11:28:29'),
(320, '8850000004165', 5, '2016-06-21 11:28:29'),
(321, '8850000004161', 5, '2016-06-21 11:28:29'),
(322, '8850000004157', 5, '2016-06-21 11:28:29'),
(323, '8850000004166', 5, '2016-06-21 11:28:29'),
(324, '8850000004162', 5, '2016-06-21 11:28:29'),
(325, '8850000004158', 5, '2016-06-21 11:28:29'),
(326, '8850000004167', 5, '2016-06-21 11:28:29'),
(327, '8850000004163', 5, '2016-06-21 11:28:29'),
(328, '8850000004159', 5, '2016-06-21 11:28:29'),
(329, '8850000003572', 5, '2016-06-21 11:28:29'),
(330, '8850000003568', 5, '2016-06-21 11:28:29'),
(331, '8850000003564', 5, '2016-06-21 11:28:29'),
(332, '8850000003573', 5, '2016-06-21 11:28:29'),
(333, '8850000003569', 5, '2016-06-21 11:28:29'),
(334, '8850000003565', 5, '2016-06-21 11:28:29'),
(335, '8850000003574', 5, '2016-06-21 11:28:29'),
(336, '8850000003570', 5, '2016-06-21 11:28:29'),
(337, '8850000003566', 5, '2016-06-21 11:28:29'),
(338, '8850000003575', 5, '2016-06-21 11:28:29'),
(339, '8850000003571', 5, '2016-06-21 11:28:29'),
(340, '8850000003567', 5, '2016-06-21 11:28:29'),
(341, '8850000004223', 5, '2016-06-21 11:28:29'),
(342, '8850000004224', 5, '2016-06-21 11:28:29'),
(343, '8850000004225', 5, '2016-06-21 11:28:29'),
(344, '8850000004226', 5, '2016-06-21 11:28:29'),
(345, '8850000004231', 5, '2016-06-21 11:28:29'),
(346, '8850000004227', 5, '2016-06-21 11:28:29'),
(347, '8850000004232', 5, '2016-06-21 11:28:29'),
(348, '8850000004228', 5, '2016-06-21 11:28:29'),
(349, '8850000004233', 5, '2016-06-21 11:28:29'),
(350, '8850000004229', 5, '2016-06-21 11:28:29'),
(351, '8850000004234', 5, '2016-06-21 11:28:30'),
(352, '8850000004230', 5, '2016-06-21 11:28:30'),
(353, '8850000004235', 5, '2016-06-21 11:28:30'),
(354, '8850000004239', 5, '2016-06-21 11:28:30'),
(355, '8850000004236', 5, '2016-06-21 11:28:30'),
(356, '8850000004240', 5, '2016-06-21 11:28:30'),
(357, '8850000004237', 5, '2016-06-21 11:28:30'),
(358, '8850000004241', 5, '2016-06-21 11:28:30'),
(359, '8850000004238', 5, '2016-06-21 11:28:30'),
(360, '8850000004242', 5, '2016-06-21 11:28:30'),
(361, '8850000004247', 5, '2016-06-21 11:28:30'),
(362, '8850000004243', 5, '2016-06-21 11:28:30'),
(363, '8850000004248', 5, '2016-06-21 11:28:30'),
(364, '8850000004244', 5, '2016-06-21 11:28:30'),
(365, '8850000004249', 5, '2016-06-21 11:28:30'),
(366, '8850000004245', 5, '2016-06-21 11:28:30'),
(367, '8850000004250', 5, '2016-06-21 11:28:30'),
(368, '8850000004246', 5, '2016-06-21 11:28:30'),
(369, '8850000004098', 6, '2016-06-21 11:29:11'),
(370, '8850000004099', 6, '2016-06-21 11:29:11'),
(371, '8850000004100', 6, '2016-06-21 11:29:11'),
(372, '8850000003791', 6, '2016-06-21 11:29:11'),
(373, '8850000003798', 6, '2016-06-21 11:29:11'),
(374, '8850000003799', 6, '2016-06-21 11:29:11'),
(375, '8850000006508', 7, '2016-06-21 11:29:23'),
(376, '8850000006516', 7, '2016-06-21 11:29:23'),
(377, '8850000006509', 7, '2016-06-21 11:29:23'),
(378, '8850000006517', 7, '2016-06-21 11:29:23'),
(379, '8850000006512', 7, '2016-06-21 11:29:23'),
(380, '8850000006520', 7, '2016-06-21 11:29:23'),
(381, '8850000006513', 7, '2016-06-21 11:29:23'),
(382, '8850000006521', 7, '2016-06-21 11:29:23'),
(383, '8850000005828', 7, '2016-06-21 11:29:23'),
(384, '8850000005834', 7, '2016-06-21 11:29:23'),
(385, '8850000005831', 7, '2016-06-21 11:29:23'),
(386, '8850000005829', 7, '2016-06-21 11:29:23'),
(387, '8850000005835', 7, '2016-06-21 11:29:23'),
(388, '8850000005832', 7, '2016-06-21 11:29:23'),
(389, '8850000005830', 7, '2016-06-21 11:29:23'),
(390, '8850000005836', 7, '2016-06-21 11:29:24'),
(391, '8850000005833', 7, '2016-06-21 11:29:24'),
(392, '8850000004967', 7, '2016-06-21 11:29:24'),
(393, '8850000004968', 7, '2016-06-21 11:29:24'),
(394, '8850000004969', 7, '2016-06-21 11:29:24'),
(395, '8850000004979', 7, '2016-06-21 11:29:24'),
(396, '8850000005203', 7, '2016-06-21 11:29:24'),
(397, '8850000005213', 7, '2016-06-21 11:29:24'),
(398, '8850000005208', 7, '2016-06-21 11:29:24'),
(399, '8850000005204', 7, '2016-06-21 11:29:24'),
(400, '8850000005214', 7, '2016-06-21 11:29:24'),
(401, '8850000005209', 7, '2016-06-21 11:29:24'),
(402, '8850000005205', 7, '2016-06-21 11:29:24'),
(403, '8850000005215', 7, '2016-06-21 11:29:24'),
(404, '8850000005210', 7, '2016-06-21 11:29:24'),
(405, '8850000005206', 7, '2016-06-21 11:29:24'),
(406, '8850000005216', 7, '2016-06-21 11:29:24'),
(407, '8850000005211', 7, '2016-06-21 11:29:24'),
(408, '8850000005207', 7, '2016-06-21 11:29:24'),
(409, '8850000007347', 7, '2016-06-21 11:29:24'),
(410, '8850000005212', 7, '2016-06-21 11:29:24'),
(411, '8850000005523', 7, '2016-06-21 11:29:24'),
(412, '8850000005525', 7, '2016-06-21 11:29:24'),
(413, '8850000005524', 7, '2016-06-21 11:29:24'),
(414, '8850000012473', 7, '2016-06-21 11:29:24'),
(415, '8850000012485', 7, '2016-06-21 11:29:24'),
(416, '8850000012474', 7, '2016-06-21 11:29:24'),
(417, '8850000012486', 7, '2016-06-21 11:29:24'),
(418, '8850000012475', 7, '2016-06-21 11:29:24'),
(419, '8850000012487', 7, '2016-06-21 11:29:24'),
(420, '8850000012476', 7, '2016-06-21 11:29:24'),
(421, '8850000012488', 7, '2016-06-21 11:29:24'),
(422, '8850000010606', 8, '2016-06-21 11:29:39'),
(423, '8850000010614', 8, '2016-06-21 11:29:39'),
(424, '8850000010607', 8, '2016-06-21 11:29:40'),
(425, '8850000010615', 8, '2016-06-21 11:29:40'),
(426, '8850000010608', 8, '2016-06-21 11:29:40'),
(427, '8850000010616', 8, '2016-06-21 11:29:40'),
(428, '8850000010609', 8, '2016-06-21 11:29:40'),
(429, '8850000010617', 8, '2016-06-21 11:29:40'),
(430, '8850000010610', 8, '2016-06-21 11:29:40'),
(431, '8850000010618', 8, '2016-06-21 11:29:40'),
(432, '8850000010611', 8, '2016-06-21 11:29:40'),
(433, '8850000010619', 8, '2016-06-21 11:29:40'),
(434, '8850000010612', 8, '2016-06-21 11:29:40'),
(435, '8850000010620', 8, '2016-06-21 11:29:40'),
(436, '8850000001509', 9, '2016-06-21 11:29:54'),
(437, '8850000001513', 9, '2016-06-21 11:29:54'),
(438, '8850000004184', 9, '2016-06-21 11:29:54'),
(439, '8850000004185', 9, '2016-06-21 11:29:54'),
(440, '8850000006739', 9, '2016-06-21 11:29:54'),
(441, '8850000006744', 9, '2016-06-21 11:29:54'),
(442, '8850000006740', 9, '2016-06-21 11:29:54'),
(443, '8850000006745', 9, '2016-06-21 11:29:54'),
(444, '8850000006741', 9, '2016-06-21 11:29:54'),
(445, '8850000006746', 9, '2016-06-21 11:29:54'),
(446, '8850000003338', 9, '2016-06-21 11:29:54'),
(447, '8850000006632', 9, '2016-06-21 11:29:54'),
(448, '8850000005837', 9, '2016-06-21 11:29:54'),
(449, '8850000005838', 9, '2016-06-21 11:29:54'),
(450, '8850000005839', 9, '2016-06-21 11:29:54'),
(451, '8850000005840', 9, '2016-06-21 11:29:54'),
(452, '8850000005841', 9, '2016-06-21 11:29:54'),
(453, '8850000005662', 9, '2016-06-21 11:29:54'),
(454, '8850000005663', 9, '2016-06-21 11:29:54'),
(455, '8850000005664', 9, '2016-06-21 11:29:54'),
(456, '8850000005665', 9, '2016-06-21 11:29:54'),
(457, '8850000005666', 9, '2016-06-21 11:29:54'),
(458, '8850000005667', 9, '2016-06-21 11:29:54'),
(459, '8850000006515', 9, '2016-06-21 11:29:54'),
(460, '8850000006523', 9, '2016-06-21 11:29:55'),
(461, '8850000005517', 9, '2016-06-21 11:29:55'),
(462, '8850000005519', 9, '2016-06-21 11:29:55'),
(463, '8850000005521', 9, '2016-06-21 11:29:55'),
(464, '8850000005518', 9, '2016-06-21 11:29:55'),
(465, '8850000005520', 9, '2016-06-21 11:29:55'),
(466, '8850000005522', 9, '2016-06-21 11:29:55'),
(467, '8850000003866', 9, '2016-06-21 11:29:55'),
(468, '8850000006742', 9, '2016-06-21 11:29:55'),
(469, '8850000006743', 9, '2016-06-21 11:29:55'),
(470, '8850000004723', 9, '2016-06-21 11:29:55'),
(471, '8850000004726', 9, '2016-06-21 11:29:55'),
(472, '8850000004724', 9, '2016-06-21 11:29:55'),
(473, '8850000004727', 9, '2016-06-21 11:29:55'),
(474, '8850000004725', 9, '2016-06-21 11:29:55'),
(475, '8850000004728', 9, '2016-06-21 11:29:55'),
(476, '8850000003733', 9, '2016-06-21 11:29:55'),
(477, '8850000003727', 9, '2016-06-21 11:29:55'),
(478, '8850000003732', 9, '2016-06-21 11:29:55'),
(479, '8850000003739', 9, '2016-06-21 11:29:55'),
(480, '8850000003746', 9, '2016-06-21 11:29:55'),
(481, '8850000012628', 10, '2016-06-21 11:30:07'),
(482, '8850000012629', 10, '2016-06-21 11:30:07'),
(483, '8850000012630', 10, '2016-06-21 11:30:07'),
(484, '8850000012631', 10, '2016-06-21 11:30:07'),
(485, '8850000012632', 10, '2016-06-21 11:30:07'),
(486, '8850000012633', 10, '2016-06-21 11:30:08'),
(487, '8850000012634', 10, '2016-06-21 11:30:08'),
(488, '8850000013380', 11, '2016-06-21 11:30:22'),
(489, '8850000013390', 11, '2016-06-21 11:30:22'),
(490, '8850000013385', 11, '2016-06-21 11:30:22'),
(491, '8850000013395', 11, '2016-06-21 11:30:22'),
(492, '8850000013375', 11, '2016-06-21 11:30:22'),
(493, '8850000013381', 11, '2016-06-21 11:30:22'),
(494, '8850000013401', 11, '2016-06-21 11:30:22'),
(495, '8850000013391', 11, '2016-06-21 11:30:22'),
(496, '8850000013386', 11, '2016-06-21 11:30:22'),
(497, '8850000013396', 11, '2016-06-21 11:30:22'),
(498, '8850000013376', 11, '2016-06-21 11:30:22'),
(499, '8850000013382', 11, '2016-06-21 11:30:22'),
(500, '8850000013402', 11, '2016-06-21 11:30:22'),
(501, '8850000013392', 11, '2016-06-21 11:30:22'),
(502, '8850000013387', 11, '2016-06-21 11:30:22'),
(503, '8850000013397', 11, '2016-06-21 11:30:22'),
(504, '8850000013377', 11, '2016-06-21 11:30:22'),
(505, '8850000013383', 11, '2016-06-21 11:30:23'),
(506, '8850000013403', 11, '2016-06-21 11:30:23'),
(507, '8850000013393', 11, '2016-06-21 11:30:23'),
(508, '8850000013388', 11, '2016-06-21 11:30:23'),
(509, '8850000013398', 11, '2016-06-21 11:30:23'),
(510, '8850000013378', 11, '2016-06-21 11:30:23'),
(511, '8850000013399', 11, '2016-06-21 11:30:23'),
(512, '8850000003999', 12, '2016-06-21 11:30:36'),
(513, '8850000003989', 12, '2016-06-21 11:30:36'),
(514, '8850000004000', 12, '2016-06-21 11:30:36'),
(515, '8850000003990', 12, '2016-06-21 11:30:36'),
(516, '8850000004001', 12, '2016-06-21 11:30:36'),
(517, '8850000003991', 12, '2016-06-21 11:30:36'),
(518, '8850000000003', 12, '2016-06-21 11:30:37'),
(519, '8850000000007', 12, '2016-06-21 11:30:37'),
(520, '8850000000011', 12, '2016-06-21 11:30:37'),
(521, '8850000000015', 12, '2016-06-21 11:30:37'),
(522, '8850000000002', 12, '2016-06-21 11:30:37'),
(523, '8850000000006', 12, '2016-06-21 11:30:37'),
(524, '8850000000010', 12, '2016-06-21 11:30:37'),
(525, '8850000000014', 12, '2016-06-21 11:30:37'),
(526, '8850000000004', 12, '2016-06-21 11:30:37'),
(527, '8850000000008', 12, '2016-06-21 11:30:37'),
(528, '8850000000012', 12, '2016-06-21 11:30:37'),
(529, '8850000000016', 12, '2016-06-21 11:30:37'),
(530, '8850000000001', 12, '2016-06-21 11:30:37'),
(531, '8850000000009', 12, '2016-06-21 11:30:37'),
(532, '8850000000013', 12, '2016-06-21 11:30:37'),
(533, '8850000014344', 12, '2016-06-21 11:30:37'),
(534, '8850000014349', 12, '2016-06-21 11:30:37'),
(535, '8850000014354', 12, '2016-06-21 11:30:37'),
(536, '8850000014345', 12, '2016-06-21 11:30:37'),
(537, '8850000014350', 12, '2016-06-21 11:30:37'),
(538, '8850000014355', 12, '2016-06-21 11:30:37'),
(539, '8850000014346', 12, '2016-06-21 11:30:37'),
(540, '8850000014351', 12, '2016-06-21 11:30:37'),
(541, '8850000014356', 12, '2016-06-21 11:30:37'),
(542, '8850000014352', 12, '2016-06-21 11:30:37'),
(543, '8850000014357', 12, '2016-06-21 11:30:37'),
(544, '8850000014353', 12, '2016-06-21 11:30:37'),
(545, '8850000014358', 12, '2016-06-21 11:30:37'),
(546, '8850000012448', 13, '2016-06-21 11:31:53'),
(547, '8850000012460', 13, '2016-06-21 11:31:53'),
(548, '8850000012449', 13, '2016-06-21 11:31:53'),
(549, '8850000012461', 13, '2016-06-21 11:31:53'),
(550, '8850000012450', 13, '2016-06-21 11:31:53'),
(551, '8850000012456', 13, '2016-06-21 11:31:53'),
(552, '8850000012462', 13, '2016-06-21 11:31:53'),
(553, '8850000012451', 13, '2016-06-21 11:31:53'),
(554, '8850000012457', 13, '2016-06-21 11:31:53'),
(555, '8850000012463', 13, '2016-06-21 11:31:53'),
(556, '8850000012452', 13, '2016-06-21 11:31:53'),
(557, '8850000012458', 13, '2016-06-21 11:31:53'),
(558, '8850000012464', 13, '2016-06-21 11:31:53'),
(559, '8850000012453', 13, '2016-06-21 11:31:53'),
(560, '8850000012459', 13, '2016-06-21 11:31:54'),
(561, '8850000012465', 13, '2016-06-21 11:31:54'),
(562, '8850000015228', 13, '2016-06-21 11:31:54'),
(563, '8850000015233', 13, '2016-06-21 11:31:54'),
(564, '8850000015229', 13, '2016-06-21 11:31:54'),
(565, '8850000015234', 13, '2016-06-21 11:31:54'),
(566, '8850000015230', 13, '2016-06-21 11:31:54'),
(567, '8850000015235', 13, '2016-06-21 11:31:54'),
(568, '8850000015231', 13, '2016-06-21 11:31:54'),
(569, '8850000015236', 13, '2016-06-21 11:31:54'),
(570, '8850000015428', 13, '2016-06-21 11:31:54'),
(571, '8850000016809', 13, '2016-06-21 11:31:54'),
(572, '8850000015455', 13, '2016-06-21 11:31:54'),
(573, '8850000015461', 13, '2016-06-21 11:31:54'),
(574, '8850000015456', 13, '2016-06-21 11:31:54'),
(575, '8850000015462', 13, '2016-06-21 11:31:54'),
(576, '8850000013024', 13, '2016-06-21 11:31:54'),
(577, '8850000013030', 13, '2016-06-21 11:31:54'),
(578, '8850000013036', 13, '2016-06-21 11:31:54'),
(579, '8850000013025', 13, '2016-06-21 11:31:54'),
(580, '8850000013031', 13, '2016-06-21 11:31:54'),
(581, '8850000013037', 13, '2016-06-21 11:31:54'),
(582, '8850000013026', 13, '2016-06-21 11:31:54'),
(583, '8850000013032', 13, '2016-06-21 11:31:54'),
(584, '8850000013038', 13, '2016-06-21 11:31:54'),
(585, '8850000013027', 13, '2016-06-21 11:31:54'),
(586, '8850000013033', 13, '2016-06-21 11:31:54'),
(587, '8850000013039', 13, '2016-06-21 11:31:54'),
(588, '8850000013028', 13, '2016-06-21 11:31:54'),
(589, '8850000013034', 13, '2016-06-21 11:31:54'),
(590, '8850000013040', 13, '2016-06-21 11:31:54'),
(591, '8850000013029', 13, '2016-06-21 11:31:54'),
(592, '8850000013035', 13, '2016-06-21 11:31:54'),
(593, '8850000013101', 13, '2016-06-21 11:31:54'),
(594, '8850000006272', 14, '2016-06-21 11:43:24'),
(595, '8850000006273', 14, '2016-06-21 11:43:24'),
(596, '8850000014561', 15, '2016-06-21 11:43:38'),
(597, '8850000014567', 15, '2016-06-21 11:43:38'),
(598, '8850000014556', 15, '2016-06-21 11:43:38'),
(599, '8850000014562', 15, '2016-06-21 11:43:38'),
(600, '8850000014568', 15, '2016-06-21 11:43:38'),
(601, '8850000014557', 15, '2016-06-21 11:43:38'),
(602, '8850000014563', 15, '2016-06-21 11:43:39'),
(603, '8850000014569', 15, '2016-06-21 11:43:39'),
(604, '8850000014558', 15, '2016-06-21 11:43:39'),
(605, '8850000014564', 15, '2016-06-21 11:43:39'),
(606, '8850000014570', 15, '2016-06-21 11:43:39'),
(607, '8850000014559', 15, '2016-06-21 11:43:39'),
(608, '8850000014565', 15, '2016-06-21 11:43:39'),
(609, '8850000014571', 15, '2016-06-21 11:43:39'),
(610, '8850000014560', 15, '2016-06-21 11:43:39'),
(611, '8850000014572', 15, '2016-06-21 11:43:39'),
(612, '8850000015883', 15, '2016-06-21 11:43:39'),
(613, '8850000015884', 15, '2016-06-21 11:43:39'),
(614, '8850000015890', 15, '2016-06-21 11:43:39'),
(615, '8850000015896', 15, '2016-06-21 11:43:39'),
(616, '8850000015885', 15, '2016-06-21 11:43:39'),
(617, '8850000015891', 15, '2016-06-21 11:43:39'),
(618, '8850000015897', 15, '2016-06-21 11:43:39'),
(619, '8850000015886', 15, '2016-06-21 11:43:39'),
(620, '8850000015892', 15, '2016-06-21 11:43:39'),
(621, '8850000015898', 15, '2016-06-21 11:43:39'),
(622, '8850000015887', 15, '2016-06-21 11:43:39'),
(623, '8850000000019', 16, '2016-06-21 11:44:33'),
(624, '8850000000023', 16, '2016-06-21 11:44:33'),
(625, '8850000000027', 16, '2016-06-21 11:44:33'),
(626, '8850000000018', 16, '2016-06-21 11:44:33'),
(627, '8850000000022', 16, '2016-06-21 11:44:33'),
(628, '8850000000026', 16, '2016-06-21 11:44:33'),
(629, '8850000000024', 16, '2016-06-21 11:44:33'),
(630, '8850000000028', 16, '2016-06-21 11:44:33'),
(631, '8850000000021', 16, '2016-06-21 11:44:33'),
(632, '8850000000025', 16, '2016-06-21 11:44:33'),
(633, '8850000000358', 16, '2016-06-21 11:44:33'),
(634, '8850000000362', 16, '2016-06-21 11:44:33'),
(635, '8850000000359', 16, '2016-06-21 11:44:33'),
(636, '8850000000363', 16, '2016-06-21 11:44:33'),
(637, '8850000000360', 16, '2016-06-21 11:44:33'),
(638, '8850000000364', 16, '2016-06-21 11:44:33'),
(639, '8850000000361', 16, '2016-06-21 11:44:33'),
(640, '8850000000365', 16, '2016-06-21 11:44:33'),
(641, '8850000002608', 16, '2016-06-21 11:44:33'),
(642, '8850000002605', 16, '2016-06-21 11:44:33'),
(643, '8850000002602', 16, '2016-06-21 11:44:33'),
(644, '8850000002609', 16, '2016-06-21 11:44:33'),
(645, '8850000002606', 16, '2016-06-21 11:44:33'),
(646, '8850000002603', 16, '2016-06-21 11:44:33'),
(647, '8850000002610', 16, '2016-06-21 11:44:33'),
(648, '8850000002607', 16, '2016-06-21 11:44:33'),
(649, '8850000002604', 16, '2016-06-21 11:44:33'),
(650, '8850000002614', 16, '2016-06-21 11:44:34'),
(651, '8850000002611', 16, '2016-06-21 11:44:34'),
(652, '8850000002615', 16, '2016-06-21 11:44:34'),
(653, '8850000002612', 16, '2016-06-21 11:44:34'),
(654, '8850000002616', 16, '2016-06-21 11:44:34'),
(655, '8850000002613', 16, '2016-06-21 11:44:34'),
(656, '8850000002620', 16, '2016-06-21 11:44:34'),
(657, '8850000002617', 16, '2016-06-21 11:44:34'),
(658, '8850000002623', 16, '2016-06-21 11:44:34'),
(659, '8850000002621', 16, '2016-06-21 11:44:34'),
(660, '8850000002618', 16, '2016-06-21 11:44:34'),
(661, '8850000002624', 16, '2016-06-21 11:44:34'),
(662, '8850000002622', 16, '2016-06-21 11:44:34'),
(663, '8850000002619', 16, '2016-06-21 11:44:34'),
(664, '8850000002625', 16, '2016-06-21 11:44:34'),
(665, '8850000013592', 17, '2016-06-21 11:44:47'),
(666, '8850000013611', 17, '2016-06-21 11:44:47'),
(667, '8850000013593', 17, '2016-06-21 11:44:47'),
(668, '8850000013602', 17, '2016-06-21 11:44:47'),
(669, '8850000013612', 17, '2016-06-21 11:44:47'),
(670, '8850000013629', 17, '2016-06-21 11:44:47'),
(671, '8850000013603', 17, '2016-06-21 11:44:48'),
(672, '8850000013613', 17, '2016-06-21 11:44:48'),
(673, '8850000013594', 17, '2016-06-21 11:44:48'),
(674, '8850000013604', 17, '2016-06-21 11:44:48'),
(675, '8850000013614', 17, '2016-06-21 11:44:48'),
(676, '8850000013605', 17, '2016-06-21 11:44:48'),
(677, '8850000013615', 17, '2016-06-21 11:44:48'),
(678, '8850000013606', 17, '2016-06-21 11:44:48'),
(679, '8850000013597', 17, '2016-06-21 11:44:48'),
(680, '8850000013617', 17, '2016-06-21 11:44:48'),
(681, '8850000013608', 17, '2016-06-21 11:44:48'),
(682, '8850000010750', 17, '2016-06-21 11:44:48'),
(683, '8850000010758', 17, '2016-06-21 11:44:48'),
(684, '8850000010743', 17, '2016-06-21 11:44:48'),
(685, '8850000010751', 17, '2016-06-21 11:44:48'),
(686, '8850000010759', 17, '2016-06-21 11:44:48'),
(687, '8850000010767', 17, '2016-06-21 11:44:48'),
(688, '8850000010744', 17, '2016-06-21 11:44:48'),
(689, '8850000010752', 17, '2016-06-21 11:44:48'),
(690, '8850000010760', 17, '2016-06-21 11:44:48'),
(691, '8850000010768', 17, '2016-06-21 11:44:48'),
(692, '8850000010745', 17, '2016-06-21 11:44:48'),
(693, '8850000010753', 17, '2016-06-21 11:44:48'),
(694, '8850000010761', 17, '2016-06-21 11:44:48'),
(695, '8850000010769', 17, '2016-06-21 11:44:48'),
(696, '8850000010746', 17, '2016-06-21 11:44:48'),
(697, '8850000010754', 17, '2016-06-21 11:44:48'),
(698, '8850000010762', 17, '2016-06-21 11:44:48'),
(699, '8850000010770', 17, '2016-06-21 11:44:48'),
(700, '8850000010763', 17, '2016-06-21 11:44:48'),
(701, '8850000010764', 17, '2016-06-21 11:44:48'),
(702, '8850000010757', 17, '2016-06-21 11:44:48'),
(703, '8850000010765', 17, '2016-06-21 11:44:48'),
(704, '8850000010773', 17, '2016-06-21 11:44:48'),
(705, '8850000003133', 18, '2016-06-21 11:44:59'),
(706, '8850000003145', 19, '2016-06-21 11:45:11'),
(707, '8850000003146', 19, '2016-06-21 11:45:11'),
(708, '8850000003147', 19, '2016-06-21 11:45:11'),
(709, '8850000003148', 19, '2016-06-21 11:45:11'),
(710, '8850000003157', 19, '2016-06-21 11:45:11'),
(711, '8850000003153', 19, '2016-06-21 11:45:11'),
(712, '8850000003158', 19, '2016-06-21 11:45:11'),
(713, '8850000003154', 19, '2016-06-21 11:45:11'),
(714, '8850000003159', 19, '2016-06-21 11:45:11'),
(715, '8850000003155', 19, '2016-06-21 11:45:11'),
(716, '8850000003160', 19, '2016-06-21 11:45:11'),
(717, '8850000003156', 19, '2016-06-21 11:45:11'),
(718, '8850000000728', 20, '2016-06-21 11:45:21'),
(719, '8850000000723', 20, '2016-06-21 11:45:21'),
(720, '8850000000733', 20, '2016-06-21 11:45:21'),
(721, '8850000000739', 20, '2016-06-21 11:45:21'),
(722, '8850000000729', 20, '2016-06-21 11:45:21'),
(723, '8850000000724', 20, '2016-06-21 11:45:21'),
(724, '8850000000734', 20, '2016-06-21 11:45:21'),
(725, '8850000000677', 20, '2016-06-21 11:45:21'),
(726, '8850000000678', 20, '2016-06-21 11:45:21'),
(727, '8850000000679', 20, '2016-06-21 11:45:21'),
(728, '8850000000680', 20, '2016-06-21 11:45:21'),
(729, '8850000000730', 20, '2016-06-21 11:45:21'),
(730, '8850000002429', 20, '2016-06-21 11:45:21'),
(731, '8850000000731', 20, '2016-06-21 11:45:21'),
(732, '8850000013690', 21, '2016-06-21 11:45:44'),
(733, '8850000013699', 21, '2016-06-21 11:45:44'),
(734, '8850000013691', 21, '2016-06-21 11:45:44'),
(735, '8850000013700', 21, '2016-06-21 11:45:44'),
(736, '8850000013692', 21, '2016-06-21 11:45:44'),
(737, '8850000013701', 21, '2016-06-21 11:45:44'),
(738, '8850000013693', 21, '2016-06-21 11:45:44'),
(739, '8850000013702', 21, '2016-06-21 11:45:44'),
(740, '8850000013694', 21, '2016-06-21 11:45:44'),
(741, '8850000013703', 21, '2016-06-21 11:45:44'),
(742, '8850000013695', 21, '2016-06-21 11:45:44'),
(743, '8850000013704', 21, '2016-06-21 11:45:44'),
(744, '8850000013696', 21, '2016-06-21 11:45:45'),
(745, '8850000013705', 21, '2016-06-21 11:45:45'),
(746, '8850000013697', 21, '2016-06-21 11:45:45'),
(747, '8850000013706', 21, '2016-06-21 11:45:45'),
(748, '8850000013707', 21, '2016-06-21 11:45:45'),
(749, '8850000003712', 22, '2016-06-21 11:45:57'),
(750, '8850000003710', 22, '2016-06-21 11:45:57'),
(751, '8850000003708', 22, '2016-06-21 11:45:57'),
(752, '8850000003714', 22, '2016-06-21 11:45:57'),
(753, '8850000003713', 22, '2016-06-21 11:45:57'),
(754, '8850000003711', 22, '2016-06-21 11:45:57'),
(755, '8850000003709', 22, '2016-06-21 11:45:57'),
(756, '8850000003715', 22, '2016-06-21 11:45:57'),
(757, '8850000002932', 22, '2016-06-21 11:45:57'),
(758, '8850000002938', 22, '2016-06-21 11:45:57'),
(759, '8850000002950', 22, '2016-06-21 11:45:57'),
(760, '8850000002933', 22, '2016-06-21 11:45:57'),
(761, '8850000002939', 22, '2016-06-21 11:45:57'),
(762, '8850000002951', 22, '2016-06-21 11:45:57'),
(763, '8850000002952', 22, '2016-06-21 11:45:57'),
(764, '8850000002942', 22, '2016-06-21 11:45:57'),
(765, '8850000002954', 22, '2016-06-21 11:45:57'),
(766, '8850000002937', 22, '2016-06-21 11:45:57'),
(767, '8850000002943', 22, '2016-06-21 11:45:57'),
(768, '8850000002955', 22, '2016-06-21 11:45:57');

-- --------------------------------------------------------

--
-- Table structure for table `tbl_promotion_rule`
--

CREATE TABLE `tbl_promotion_rule` (
  `id_rule` int(11) NOT NULL,
  `code` varchar(32) NOT NULL,
  `name` varchar(100) NOT NULL,
  `condition_type` enum('amount','item','all') NOT NULL DEFAULT 'amount',
  `rule_type` enum('any','combine','fixed','include') NOT NULL DEFAULT 'any' COMMENT 'fixed = ซื้อสินค้าตัวนี้แล้วได้รับสิทธิ์ , include = ซื้อสินค้าที่ร่วมรายการแล้วได้รับสิทธิ์ , combine = ต้องซื้อสินค้า A ร่วมกับสินค้า B แล้วได้รับสิทธิ์ , any = ซื้อสินค้าอะไรก็ได้',
  `gain_type` enum('coupon','discount','item','point','price') NOT NULL DEFAULT 'coupon' COMMENT 'item ได้รับของแถม, discount ได้รับส่วนลด , coupon	 ได้รับคูปองส่วนลด , point ได้รับแต้มสะสม',
  `target_amount` decimal(10,2) NOT NULL DEFAULT '0.00',
  `target_unit` enum('amount','pcs') NOT NULL DEFAULT 'amount',
  `apply_type` enum('bill','step') NOT NULL DEFAULT 'bill' COMMENT 'bill = ต่อบิล, step = ทุกๆรอบที่กำหนด เช่น ทุกๆ 300 บาทได้รับส่วนลด 10บาท',
  `remark` text NOT NULL
) ENGINE=InnoDB DEFAULT CHARSET=utf8;

-- --------------------------------------------------------

--
-- Table structure for table `tbl_province`
--

CREATE TABLE `tbl_province` (
  `id` int(11) NOT NULL,
  `province` varchar(100) CHARACTER SET utf8 NOT NULL
) ENGINE=InnoDB DEFAULT CHARSET=latin1;

--
-- Dumping data for table `tbl_province`
--

INSERT INTO `tbl_province` (`id`, `province`) VALUES
(1, 'กรุงเทพมหานคร'),
(2, 'กระบี่'),
(3, 'กาญจนบุรี'),
(4, 'กาฬสินธุ์'),
(5, 'กำแพงเพชร'),
(6, 'ขอนแก่น'),
(7, 'จันทบุรี'),
(8, 'ฉะเชิงเทรา'),
(9, 'ชัยนาท'),
(10, 'ชัยภูมิ'),
(11, 'ชุมพร'),
(12, 'ชลบุรี'),
(13, 'เชียงใหม่'),
(14, 'เชียงราย'),
(15, 'ตรัง'),
(16, 'ตราด'),
(17, 'ตาก'),
(18, 'นครนายก'),
(19, 'นครปฐม'),
(20, 'นครพนม'),
(21, 'นครราชสีมา'),
(22, 'นครศรีธรรมราช'),
(23, 'นครสวรรค์'),
(24, 'นราธิวาส'),
(25, 'น่าน'),
(26, 'นนทบุรี'),
(27, 'บึงกาฬ'),
(28, 'บุรีรัมย์'),
(29, 'ประจวบคีรีขันธ์'),
(30, 'ปทุมธานี'),
(31, 'ปราจีนบุรี'),
(32, 'ปัตตานี'),
(33, 'พะเยา'),
(34, 'พระนครศรีอยุธยา'),
(35, 'พังงา'),
(36, 'พิจิตร'),
(37, 'พิษณุโลก'),
(38, 'เพชรบุรี'),
(39, 'เพชรบูรณ์'),
(40, 'แพร่'),
(41, 'พัทลุง'),
(42, 'ภูเก็ต'),
(43, 'มหาสารคาม'),
(44, 'มุกดาหาร'),
(45, 'แม่ฮ่องสอน'),
(46, 'ยโสธร'),
(47, 'ยะลา'),
(48, 'ร้อยเอ็ด'),
(49, 'ระนอง'),
(50, 'ระยอง'),
(51, 'ราชบุรี'),
(52, 'ลพบุรี'),
(53, 'ลำปาง'),
(54, 'ลำพูน'),
(55, 'เลย'),
(56, 'ศรีสะเกษ'),
(57, 'สกลนคร'),
(58, 'สงขลา'),
(59, 'สมุทรสาคร'),
(60, 'สมุทรปราการ'),
(61, 'สมุทรสงคราม'),
(62, 'สระแก้ว'),
(63, 'สระบุรี'),
(64, 'สิงห์บุรี'),
(65, 'สุโขทัย'),
(66, 'สุพรรณบุรี'),
(67, 'สุราษฎร์ธานี'),
(68, 'สุรินทร์'),
(69, 'สตูล'),
(70, 'หนองคาย'),
(71, 'หนองบัวลำภู'),
(72, 'อำนาจเจริญ'),
(73, 'อุดรธานี'),
(74, 'อุตรดิตถ์'),
(75, 'อุทัยธานี'),
(76, 'อุบลราชธานี'),
(77, 'อ่างทอง');

-- --------------------------------------------------------

--
-- Table structure for table `tbl_return_product`
--

CREATE TABLE `tbl_return_product` (
  `id_return_product` int(11) NOT NULL,
  `id_order_detail` int(11) NOT NULL,
  `id_order` int(11) NOT NULL,
  `reference` varchar(32) NOT NULL,
  `barcode` varchar(32) NOT NULL,
  `item_code` varchar(32) NOT NULL,
  `item_name` varchar(150) NOT NULL,
  `style` varchar(32) NOT NULL,
  `qty` int(11) NOT NULL DEFAULT '0',
  `cost` decimal(17,2) NOT NULL DEFAULT '0.00',
  `price` decimal(17,2) NOT NULL DEFAULT '0.00',
  `discount_percent` decimal(5,2) NOT NULL DEFAULT '0.00',
  `discount_amount` decimal(17,2) NOT NULL DEFAULT '0.00',
  `final_price` decimal(17,2) NOT NULL DEFAULT '0.00',
  `total_amount` decimal(17,2) NOT NULL DEFAULT '0.00',
  `date_upd` timestamp NOT NULL DEFAULT CURRENT_TIMESTAMP ON UPDATE CURRENT_TIMESTAMP,
  `id_promotion` int(11) NOT NULL DEFAULT '0',
  `id_shop` int(11) NOT NULL
) ENGINE=InnoDB DEFAULT CHARSET=utf8;

-- --------------------------------------------------------

--
-- Table structure for table `tbl_shop`
--

CREATE TABLE `tbl_shop` (
  `id_shop` int(11) NOT NULL,
  `shop_code` varchar(32) CHARACTER SET utf8 NOT NULL,
  `shop_name` text CHARACTER SET utf8 NOT NULL,
  `address` text CHARACTER SET utf8,
  `province` varchar(100) CHARACTER SET utf8 DEFAULT NULL,
  `post_code` varchar(10) CHARACTER SET utf8 DEFAULT NULL,
  `phone` varchar(32) CHARACTER SET utf8 DEFAULT NULL,
  `active` tinyint(1) NOT NULL DEFAULT '1',
  `date_add` datetime NOT NULL DEFAULT CURRENT_TIMESTAMP,
  `date_upd` datetime NOT NULL DEFAULT CURRENT_TIMESTAMP
) ENGINE=InnoDB DEFAULT CHARSET=latin1;

--
-- Dumping data for table `tbl_shop`
--

INSERT INTO `tbl_shop` (`id_shop`, `shop_code`, `shop_name`, `address`, `province`, `post_code`, `phone`, `active`, `date_add`, `date_upd`) VALUES
(1, '0001', 'Shop Warrix สุพรรณบุรี', '', 'สุพรรณบุรี', '73120', '0321234567', 1, '2016-06-25 09:05:22', '2016-06-25 09:05:22'),
(2, '0002', 'Shop Warrix พัทยา', '', 'ชลบุรี', '123456', '0321234567', 1, '2016-06-25 09:09:28', '2016-06-25 09:09:28');

-- --------------------------------------------------------

--
-- Table structure for table `tbl_stock`
--

CREATE TABLE `tbl_stock` (
  `id_stock` int(11) NOT NULL,
  `barcode` varchar(32) NOT NULL,
  `qty` int(11) NOT NULL DEFAULT '0',
  `id_shop` int(11) NOT NULL DEFAULT '0',
  `date_upd` time NOT NULL
) ENGINE=InnoDB DEFAULT CHARSET=utf8;

-- --------------------------------------------------------

--
-- Table structure for table `tbl_user`
--

CREATE TABLE `tbl_user` (
  `id_user` int(11) NOT NULL,
  `id_employee` int(11) NOT NULL,
  `id_profile` int(11) NOT NULL DEFAULT '0',
  `user_name` varchar(50) NOT NULL,
  `password` varchar(32) NOT NULL,
  `date_add` datetime NOT NULL,
  `date_upd` datetime NOT NULL,
  `last_login` datetime NOT NULL DEFAULT '0000-00-00 00:00:00',
  `active` tinyint(1) NOT NULL DEFAULT '1'
) ENGINE=MyISAM DEFAULT CHARSET=utf8;

--
-- Dumping data for table `tbl_user`
--

INSERT INTO `tbl_user` (`id_user`, `id_employee`, `id_profile`, `user_name`, `password`, `date_add`, `date_upd`, `last_login`, `active`) VALUES
(1, 1, 1, 'admin', '1e4d36177d71bbb3558e43af9577d70e', '2015-03-19 00:00:00', '2016-02-08 16:43:48', '2017-08-09 14:11:54', 1);

--
-- Indexes for dumped tables
--

--
-- Indexes for table `ci_sessions`
--
ALTER TABLE `ci_sessions`
  ADD PRIMARY KEY (`session_id`),
  ADD KEY `last_activity_idx` (`last_activity`);

--
-- Indexes for table `tbl_access`
--
ALTER TABLE `tbl_access`
  ADD PRIMARY KEY (`id_access`);

--
-- Indexes for table `tbl_brand`
--
ALTER TABLE `tbl_brand`
  ADD PRIMARY KEY (`id_brand`),
  ADD UNIQUE KEY `name` (`name`);

--
-- Indexes for table `tbl_config`
--
ALTER TABLE `tbl_config`
  ADD PRIMARY KEY (`id_config`);

--
-- Indexes for table `tbl_coupon`
--
ALTER TABLE `tbl_coupon`
  ADD PRIMARY KEY (`code`);

--
-- Indexes for table `tbl_edit_order_log`
--
ALTER TABLE `tbl_edit_order_log`
  ADD PRIMARY KEY (`id`);

--
-- Indexes for table `tbl_employee`
--
ALTER TABLE `tbl_employee`
  ADD PRIMARY KEY (`id_employee`);

--
-- Indexes for table `tbl_items`
--
ALTER TABLE `tbl_items`
  ADD PRIMARY KEY (`id_item`);

--
-- Indexes for table `tbl_member`
--
ALTER TABLE `tbl_member`
  ADD PRIMARY KEY (`code`);

--
-- Indexes for table `tbl_order`
--
ALTER TABLE `tbl_order`
  ADD PRIMARY KEY (`id_order`);

--
-- Indexes for table `tbl_order_detail`
--
ALTER TABLE `tbl_order_detail`
  ADD PRIMARY KEY (`id_order_detail`);

--
-- Indexes for table `tbl_payment`
--
ALTER TABLE `tbl_payment`
  ADD PRIMARY KEY (`id_payment`);

--
-- Indexes for table `tbl_profile`
--
ALTER TABLE `tbl_profile`
  ADD PRIMARY KEY (`id_profile`);

--
-- Indexes for table `tbl_promotion`
--
ALTER TABLE `tbl_promotion`
  ADD PRIMARY KEY (`id_promotion`);

--
-- Indexes for table `tbl_promotion_condition_amount`
--
ALTER TABLE `tbl_promotion_condition_amount`
  ADD PRIMARY KEY (`id`);

--
-- Indexes for table `tbl_promotion_condition_item`
--
ALTER TABLE `tbl_promotion_condition_item`
  ADD PRIMARY KEY (`id`);

--
-- Indexes for table `tbl_promotion_condition_member`
--
ALTER TABLE `tbl_promotion_condition_member`
  ADD PRIMARY KEY (`id`);

--
-- Indexes for table `tbl_promotion_gain_coupon`
--
ALTER TABLE `tbl_promotion_gain_coupon`
  ADD PRIMARY KEY (`id`);

--
-- Indexes for table `tbl_promotion_gain_discount`
--
ALTER TABLE `tbl_promotion_gain_discount`
  ADD PRIMARY KEY (`id`);

--
-- Indexes for table `tbl_promotion_gain_item`
--
ALTER TABLE `tbl_promotion_gain_item`
  ADD PRIMARY KEY (`id`);

--
-- Indexes for table `tbl_promotion_gain_point`
--
ALTER TABLE `tbl_promotion_gain_point`
  ADD PRIMARY KEY (`id`);

--
-- Indexes for table `tbl_promotion_gain_price`
--
ALTER TABLE `tbl_promotion_gain_price`
  ADD PRIMARY KEY (`id`);

--
-- Indexes for table `tbl_promotion_items`
--
ALTER TABLE `tbl_promotion_items`
  ADD PRIMARY KEY (`id`);

--
-- Indexes for table `tbl_promotion_rule`
--
ALTER TABLE `tbl_promotion_rule`
  ADD PRIMARY KEY (`id_rule`);

--
-- Indexes for table `tbl_province`
--
ALTER TABLE `tbl_province`
  ADD PRIMARY KEY (`id`);

--
-- Indexes for table `tbl_return_product`
--
ALTER TABLE `tbl_return_product`
  ADD PRIMARY KEY (`id_return_product`);

--
-- Indexes for table `tbl_shop`
--
ALTER TABLE `tbl_shop`
  ADD PRIMARY KEY (`id_shop`);

--
-- Indexes for table `tbl_stock`
--
ALTER TABLE `tbl_stock`
  ADD PRIMARY KEY (`id_stock`);

--
-- Indexes for table `tbl_user`
--
ALTER TABLE `tbl_user`
  ADD PRIMARY KEY (`id_user`);

--
-- AUTO_INCREMENT for dumped tables
--

--
-- AUTO_INCREMENT for table `tbl_access`
--
ALTER TABLE `tbl_access`
  MODIFY `id_access` int(11) NOT NULL AUTO_INCREMENT, AUTO_INCREMENT=31;
--
-- AUTO_INCREMENT for table `tbl_brand`
--
ALTER TABLE `tbl_brand`
  MODIFY `id_brand` int(11) NOT NULL AUTO_INCREMENT, AUTO_INCREMENT=5;
--
-- AUTO_INCREMENT for table `tbl_config`
--
ALTER TABLE `tbl_config`
  MODIFY `id_config` int(11) NOT NULL AUTO_INCREMENT, AUTO_INCREMENT=10;
--
-- AUTO_INCREMENT for table `tbl_edit_order_log`
--
ALTER TABLE `tbl_edit_order_log`
  MODIFY `id` int(11) NOT NULL AUTO_INCREMENT;
--
-- AUTO_INCREMENT for table `tbl_employee`
--
ALTER TABLE `tbl_employee`
  MODIFY `id_employee` int(11) NOT NULL AUTO_INCREMENT, AUTO_INCREMENT=7;
--
-- AUTO_INCREMENT for table `tbl_items`
--
ALTER TABLE `tbl_items`
  MODIFY `id_item` int(11) NOT NULL AUTO_INCREMENT, AUTO_INCREMENT=76;
--
-- AUTO_INCREMENT for table `tbl_order`
--
ALTER TABLE `tbl_order`
  MODIFY `id_order` int(11) NOT NULL AUTO_INCREMENT, AUTO_INCREMENT=2;
--
-- AUTO_INCREMENT for table `tbl_order_detail`
--
ALTER TABLE `tbl_order_detail`
  MODIFY `id_order_detail` int(11) NOT NULL AUTO_INCREMENT, AUTO_INCREMENT=2;
--
-- AUTO_INCREMENT for table `tbl_payment`
--
ALTER TABLE `tbl_payment`
  MODIFY `id_payment` int(11) NOT NULL AUTO_INCREMENT;
--
-- AUTO_INCREMENT for table `tbl_profile`
--
ALTER TABLE `tbl_profile`
  MODIFY `id_profile` int(11) NOT NULL AUTO_INCREMENT, AUTO_INCREMENT=4;
--
-- AUTO_INCREMENT for table `tbl_promotion`
--
ALTER TABLE `tbl_promotion`
  MODIFY `id_promotion` int(11) NOT NULL AUTO_INCREMENT;
--
-- AUTO_INCREMENT for table `tbl_promotion_condition_amount`
--
ALTER TABLE `tbl_promotion_condition_amount`
  MODIFY `id` int(11) NOT NULL AUTO_INCREMENT;
--
-- AUTO_INCREMENT for table `tbl_promotion_condition_item`
--
ALTER TABLE `tbl_promotion_condition_item`
  MODIFY `id` int(11) NOT NULL AUTO_INCREMENT;
--
-- AUTO_INCREMENT for table `tbl_promotion_condition_member`
--
ALTER TABLE `tbl_promotion_condition_member`
  MODIFY `id` int(11) NOT NULL AUTO_INCREMENT;
--
-- AUTO_INCREMENT for table `tbl_promotion_gain_coupon`
--
ALTER TABLE `tbl_promotion_gain_coupon`
  MODIFY `id` int(11) NOT NULL AUTO_INCREMENT;
--
-- AUTO_INCREMENT for table `tbl_promotion_gain_discount`
--
ALTER TABLE `tbl_promotion_gain_discount`
  MODIFY `id` int(11) NOT NULL AUTO_INCREMENT;
--
-- AUTO_INCREMENT for table `tbl_promotion_gain_item`
--
ALTER TABLE `tbl_promotion_gain_item`
  MODIFY `id` int(11) NOT NULL AUTO_INCREMENT;
--
-- AUTO_INCREMENT for table `tbl_promotion_gain_point`
--
ALTER TABLE `tbl_promotion_gain_point`
  MODIFY `id` int(11) NOT NULL AUTO_INCREMENT;
--
-- AUTO_INCREMENT for table `tbl_promotion_gain_price`
--
ALTER TABLE `tbl_promotion_gain_price`
  MODIFY `id` int(11) NOT NULL AUTO_INCREMENT;
--
-- AUTO_INCREMENT for table `tbl_promotion_items`
--
ALTER TABLE `tbl_promotion_items`
  MODIFY `id` int(11) NOT NULL AUTO_INCREMENT, AUTO_INCREMENT=769;
--
-- AUTO_INCREMENT for table `tbl_promotion_rule`
--
ALTER TABLE `tbl_promotion_rule`
  MODIFY `id_rule` int(11) NOT NULL AUTO_INCREMENT;
--
-- AUTO_INCREMENT for table `tbl_province`
--
ALTER TABLE `tbl_province`
  MODIFY `id` int(11) NOT NULL AUTO_INCREMENT, AUTO_INCREMENT=78;
--
-- AUTO_INCREMENT for table `tbl_return_product`
--
ALTER TABLE `tbl_return_product`
  MODIFY `id_return_product` int(11) NOT NULL AUTO_INCREMENT;
--
-- AUTO_INCREMENT for table `tbl_shop`
--
ALTER TABLE `tbl_shop`
  MODIFY `id_shop` int(11) NOT NULL AUTO_INCREMENT, AUTO_INCREMENT=3;
--
-- AUTO_INCREMENT for table `tbl_stock`
--
ALTER TABLE `tbl_stock`
  MODIFY `id_stock` int(11) NOT NULL AUTO_INCREMENT;
--
-- AUTO_INCREMENT for table `tbl_user`
--
ALTER TABLE `tbl_user`
  MODIFY `id_user` int(11) NOT NULL AUTO_INCREMENT, AUTO_INCREMENT=4;
/*!40101 SET CHARACTER_SET_CLIENT=@OLD_CHARACTER_SET_CLIENT */;
/*!40101 SET CHARACTER_SET_RESULTS=@OLD_CHARACTER_SET_RESULTS */;
/*!40101 SET COLLATION_CONNECTION=@OLD_COLLATION_CONNECTION */;
